D,a,t,a,.,S,e,t,u,p, ,-, ,c,o,m,p, ,s,t,a,t,u,s, ,2,0,9,7,2,8,2
D,a,t,a,.,S,e,t,u,p,.,M,a,i,n, ,-, ,c,o,m,p, ,s,t,a,t,u,s, ,2,0,9,7,2,8,2
D,a,t,a,.,S,e,t,u,p,.,M,a,i,n,.,G,l,o,b,a,l, ,-, ,c,o,m,p, ,s,t,a,t,u,s, ,2,0,9,7,2,8,2
D,a,t,a,.,S,e,t,u,p,.,M,a,i,n,.,G,l,o,b,a,l,.,U,n,i,t,s,-,S,e,t,s, ,-, ,c,o,m,p, ,s,t,a,t,u,s, ,2,0,9,7,2,8,2
D,a,t,a,.,S,e,t,u,p,.,M,a,i,n,.,G,l,o,b,a,l,.,U,n,i,t,s,-,S,e,t,s,.,E,N,G, ,-, ,c,o,m,p, ,s,t,a,t,u,s, ,2,0,9,7,2,8,2
D,a,t,a,.,S,e,t,u,p,.,M,a,i,n,.,G,l,o,b,a,l,.,U,n,i,t,s,-,S,e,t,s,.,E,N,G,.,M,E,T, ,-, ,c,o,m,p, ,s,t,a,t,u,s, ,2,0,9,7,2,8,2
D,a,t,a,.,S,e,t,u,p,.,M,a,i,n,.,G,l,o,b,a,l,.,U,n,i,t,s,-,S,e,t,s,.,E,N,G,.,M,E,T,.,S,I, ,-, ,c,o,m,p, ,s,t,a,t,u,s, ,2,0,9,7,2,8,2
D,a,t,a,.,S,e,t,u,p,.,M,a,i,n,.,G,l,o,b,a,l,.,U,n,i,t,s,-,S,e,t,s,.,A,c,c,o,u,n,t,-,I,n,f,o, ,-, ,c,o,m,p, ,s,t,a,t,u,s, ,2,0,9,7,2,8,2
D,a,t,a,.,S,e,t,u,p,.,M,a,i,n,.,G,l,o,b,a,l,.,U,n,i,t,s,-,S,e,t,s,.,A,c,c,o,u,n,t,-,I,n,f,o,.,D,i,a,g,n,o,s,t,i,c,s, ,-, ,c,o,m,p, ,s,t,a,t,u,s, ,2,0,9,7,2,8,2
D,a,t,a,.,S,e,t,u,p,.,M,a,i,n,.,G,l,o,b,a,l,.,U,n,i,t,s,-,S,e,t,s,.,A,c,c,o,u,n,t,-,I,n,f,o,.,D,i,a,g,n,o,s,t,i,c,s,.,S,i,m,-,O,p,t,i,o,n,s, ,-, ,c,o,m,p, ,s,t,a,t,u,s, ,2,0,9,7,2,8,2
D,a,t,a,.,S,e,t,u,p,.,M,a,i,n,.,G,l,o,b,a,l,.,U,n,i,t,s,-,S,e,t,s,.,A,c,c,o,u,n,t,-,I,n,f,o,.,D,i,a,g,n,o,s,t,i,c,s,.,S,i,m,-,O,p,t,i,o,n,s,.,M,o,d,e,l,-,O,p,t,i,o,n, ,-, ,c,o,m,p, ,s,t,a,t,u,s, ,2,0,9,7,2,8,2
D,a,t,a,.,S,e,t,u,p,.,M,a,i,n,.,G,l,o,b,a,l,.,U,n,i,t,s,-,S,e,t,s,.,A,c,c,o,u,n,t,-,I,n,f,o,.,D,i,a,g,n,o,s,t,i,c,s,.,S,i,m,-,O,p,t,i,o,n,s,.,M,o,d,e,l,-,O,p,t,i,o,n,.,S,y,s,-,O,p,t,i,o,n,s, ,-, ,c,o,m,p, ,s,t,a,t,u,s, ,2,0,9,7,2,8,2
D,a,t,a,.,S,e,t,u,p,.,M,a,i,n,.,G,l,o,b,a,l,.,U,n,i,t,s,-,S,e,t,s,.,A,c,c,o,u,n,t,-,I,n,f,o,.,D,i,a,g,n,o,s,t,i,c,s,.,S,i,m,-,O,p,t,i,o,n,s,.,M,o,d,e,l,-,O,p,t,i,o,n,.,S,y,s,-,O,p,t,i,o,n,s,.,R,u,n,-,C,o,n,t,r,o,l, ,-, ,c,o,m,p, ,s,t,a,t,u,s, ,2,0,9,7,2,8,2
D,a,t,a,.,S,e,t,u,p,.,M,a,i,n,.,G,l,o,b,a,l,.,U,n,i,t,s,-,S,e,t,s,.,A,c,c,o,u,n,t,-,I,n,f,o,.,D,i,a,g,n,o,s,t,i,c,s,.,S,i,m,-,O,p,t,i,o,n,s,.,M,o,d,e,l,-,O,p,t,i,o,n,.,S,y,s,-,O,p,t,i,o,n,s,.,R,u,n,-,C,o,n,t,r,o,l,.,S,t,r,e,a,m,-,C,l,a,s,s, ,-, ,c,o,m,p, ,s,t,a,t,u,s, ,2,0,9,7,2,8,2
D,a,t,a,.,S,e,t,u,p,.,M,a,i,n,.,G,l,o,b,a,l,.,U,n,i,t,s,-,S,e,t,s,.,A,c,c,o,u,n,t,-,I,n,f,o,.,D,i,a,g,n,o,s,t,i,c,s,.,S,i,m,-,O,p,t,i,o,n,s,.,M,o,d,e,l,-,O,p,t,i,o,n,.,S,y,s,-,O,p,t,i,o,n,s,.,R,u,n,-,C,o,n,t,r,o,l,.,S,t,r,e,a,m,-,C,l,a,s,s,.,S,u,b,s,-,A,t,t,r, ,-, ,c,o,m,p, ,s,t,a,t,u,s, ,2,0,9,7,6,6,6
D,a,t,a,.,S,e,t,u,p,.,M,a,i,n,.,G,l,o,b,a,l,.,U,n,i,t,s,-,S,e,t,s,.,A,c,c,o,u,n,t,-,I,n,f,o,.,D,i,a,g,n,o,s,t,i,c,s,.,S,i,m,-,O,p,t,i,o,n,s,.,M,o,d,e,l,-,O,p,t,i,o,n,.,S,y,s,-,O,p,t,i,o,n,s,.,R,u,n,-,C,o,n,t,r,o,l,.,S,t,r,e,a,m,-,C,l,a,s,s,.,S,u,b,s,-,A,t,t,r,.,P,S,D, ,-, ,c,o,m,p, ,s,t,a,t,u,s, ,2,0,9,7,6,6,6
D,a,t,a,.,S,e,t,u,p,.,M,a,i,n,.,G,l,o,b,a,l,.,U,n,i,t,s,-,S,e,t,s,.,A,c,c,o,u,n,t,-,I,n,f,o,.,D,i,a,g,n,o,s,t,i,c,s,.,S,i,m,-,O,p,t,i,o,n,s,.,M,o,d,e,l,-,O,p,t,i,o,n,.,S,y,s,-,O,p,t,i,o,n,s,.,R,u,n,-,C,o,n,t,r,o,l,.,S,t,r,e,a,m,-,C,l,a,s,s,.,S,u,b,s,-,A,t,t,r,.,S,u,b,s,t,r,e,a,m,s, ,-, ,c,o,m,p, ,s,t,a,t,u,s, ,2,0,9,7,2,8,2
D,a,t,a,.,S,e,t,u,p,.,M,a,i,n,.,G,l,o,b,a,l,.,U,n,i,t,s,-,S,e,t,s,.,A,c,c,o,u,n,t,-,I,n,f,o,.,D,i,a,g,n,o,s,t,i,c,s,.,S,i,m,-,O,p,t,i,o,n,s,.,M,o,d,e,l,-,O,p,t,i,o,n,.,S,y,s,-,O,p,t,i,o,n,s,.,R,u,n,-,C,o,n,t,r,o,l,.,S,t,r,e,a,m,-,C,l,a,s,s,.,S,u,b,s,-,A,t,t,r,.,S,u,b,s,t,r,e,a,m,s,.,S,t,r,e,a,m,-,C,l,a,s,s, ,-, ,c,o,m,p, ,s,t,a,t,u,s, ,2,0,9,7,2,8,2
D,a,t,a,.,S,e,t,u,p,.,M,a,i,n,.,G,l,o,b,a,l,.,U,n,i,t,s,-,S,e,t,s,.,A,c,c,o,u,n,t,-,I,n,f,o,.,D,i,a,g,n,o,s,t,i,c,s,.,S,i,m,-,O,p,t,i,o,n,s,.,M,o,d,e,l,-,O,p,t,i,o,n,.,S,y,s,-,O,p,t,i,o,n,s,.,R,u,n,-,C,o,n,t,r,o,l,.,S,t,r,e,a,m,-,C,l,a,s,s,.,S,u,b,s,-,A,t,t,r,.,S,u,b,s,t,r,e,a,m,s,.,S,t,r,e,a,m,-,C,l,a,s,s,.,S,t,r,e,a,m,-,A,t,t,r,i,b,u,t,e,s, ,-, ,c,o,m,p, ,s,t,a,t,u,s, ,2,0,9,7,2,8,2
D,a,t,a,.,S,e,t,u,p,.,M,a,i,n,.,G,l,o,b,a,l,.,U,n,i,t,s,-,S,e,t,s,.,A,c,c,o,u,n,t,-,I,n,f,o,.,D,i,a,g,n,o,s,t,i,c,s,.,S,i,m,-,O,p,t,i,o,n,s,.,M,o,d,e,l,-,O,p,t,i,o,n,.,S,y,s,-,O,p,t,i,o,n,s,.,R,u,n,-,C,o,n,t,r,o,l,.,S,t,r,e,a,m,-,C,l,a,s,s,.,S,u,b,s,-,A,t,t,r,.,S,u,b,s,t,r,e,a,m,s,.,S,t,r,e,a,m,-,C,l,a,s,s,.,S,t,r,e,a,m,-,A,t,t,r,i,b,u,t,e,s,.,H,E,A,T, ,-, ,c,o,m,p, ,s,t,a,t,u,s, ,2,0,9,7,2,8,2
D,a,t,a,.,S,e,t,u,p,.,M,a,i,n,.,G,l,o,b,a,l,.,U,n,i,t,s,-,S,e,t,s,.,A,c,c,o,u,n,t,-,I,n,f,o,.,D,i,a,g,n,o,s,t,i,c,s,.,S,i,m,-,O,p,t,i,o,n,s,.,M,o,d,e,l,-,O,p,t,i,o,n,.,S,y,s,-,O,p,t,i,o,n,s,.,R,u,n,-,C,o,n,t,r,o,l,.,S,t,r,e,a,m,-,C,l,a,s,s,.,S,u,b,s,-,A,t,t,r,.,S,u,b,s,t,r,e,a,m,s,.,S,t,r,e,a,m,-,C,l,a,s,s,.,S,t,r,e,a,m,-,A,t,t,r,i,b,u,t,e,s,.,H,E,A,T,.,L,O,A,D, ,-, ,c,o,m,p, ,s,t,a,t,u,s, ,2,0,9,7,2,8,2
D,a,t,a,.,S,e,t,u,p,.,M,a,i,n,.,G,l,o,b,a,l,.,U,n,i,t,s,-,S,e,t,s,.,A,c,c,o,u,n,t,-,I,n,f,o,.,D,i,a,g,n,o,s,t,i,c,s,.,S,i,m,-,O,p,t,i,o,n,s,.,M,o,d,e,l,-,O,p,t,i,o,n,.,S,y,s,-,O,p,t,i,o,n,s,.,R,u,n,-,C,o,n,t,r,o,l,.,S,t,r,e,a,m,-,C,l,a,s,s,.,D,e,s,c,r,i,p,t,i,o,n, ,-, ,c,o,m,p, ,s,t,a,t,u,s, ,2,0,9,7,2,8,2
D,a,t,a,.,S,e,t,u,p,.,M,a,i,n,.,G,l,o,b,a,l,.,U,n,i,t,s,-,S,e,t,s,.,A,c,c,o,u,n,t,-,I,n,f,o,.,D,i,a,g,n,o,s,t,i,c,s,.,S,i,m,-,O,p,t,i,o,n,s,.,M,o,d,e,l,-,O,p,t,i,o,n,.,S,y,s,-,O,p,t,i,o,n,s,.,R,u,n,-,C,o,n,t,r,o,l,.,S,t,r,e,a,m,-,C,l,a,s,s,.,D,e,s,c,r,i,p,t,i,o,n,.,C,u,s,t,o,m,-,U,o,m, ,-, ,c,o,m,p, ,s,t,a,t,u,s, ,2,0,9,7,2,8,2
D,a,t,a,.,S,e,t,u,p,.,M,a,i,n,.,G,l,o,b,a,l,.,U,n,i,t,s,-,S,e,t,s,.,A,c,c,o,u,n,t,-,I,n,f,o,.,D,i,a,g,n,o,s,t,i,c,s,.,S,i,m,-,O,p,t,i,o,n,s,.,M,o,d,e,l,-,O,p,t,i,o,n,.,S,y,s,-,O,p,t,i,o,n,s,.,R,u,n,-,C,o,n,t,r,o,l,.,S,t,r,e,a,m,-,C,l,a,s,s,.,D,e,s,c,r,i,p,t,i,o,n,.,C,u,s,t,o,m,-,U,o,m,.,R,e,p,o,r,t,O,p,t,i,o,n,s, ,-, ,c,o,m,p, ,s,t,a,t,u,s, ,2,0,9,7,6,6,6
D,a,t,a,.,S,e,t,u,p,.,M,a,i,n,.,G,l,o,b,a,l,.,U,n,i,t,s,-,S,e,t,s,.,A,c,c,o,u,n,t,-,I,n,f,o,.,D,i,a,g,n,o,s,t,i,c,s,.,S,i,m,-,O,p,t,i,o,n,s,.,M,o,d,e,l,-,O,p,t,i,o,n,.,S,y,s,-,O,p,t,i,o,n,s,.,R,u,n,-,C,o,n,t,r,o,l,.,S,t,r,e,a,m,-,C,l,a,s,s,.,D,e,s,c,r,i,p,t,i,o,n,.,C,u,s,t,o,m,-,U,o,m,.,R,e,p,o,r,t,O,p,t,i,o,n,s,.,R,e,p,o,r,t, ,-, ,c,o,m,p, ,s,t,a,t,u,s, ,2,0,9,7,2,8,2
D,a,t,a,.,S,e,t,u,p,.,M,a,i,n,.,G,l,o,b,a,l,.,U,n,i,t,s,-,S,e,t,s,.,A,c,c,o,u,n,t,-,I,n,f,o,.,D,i,a,g,n,o,s,t,i,c,s,.,S,i,m,-,O,p,t,i,o,n,s,.,M,o,d,e,l,-,O,p,t,i,o,n,.,S,y,s,-,O,p,t,i,o,n,s,.,R,u,n,-,C,o,n,t,r,o,l,.,S,t,r,e,a,m,-,C,l,a,s,s,.,D,e,s,c,r,i,p,t,i,o,n,.,C,u,s,t,o,m,-,U,o,m,.,R,e,p,o,r,t,O,p,t,i,o,n,s,.,R,e,p,o,r,t,.,B,l,o,c,k,-,R,e,p,o,r,t, ,-, ,c,o,m,p, ,s,t,a,t,u,s, ,2,0,9,7,2,8,2
D,a,t,a,.,S,e,t,u,p,.,M,a,i,n,.,G,l,o,b,a,l,.,U,n,i,t,s,-,S,e,t,s,.,A,c,c,o,u,n,t,-,I,n,f,o,.,D,i,a,g,n,o,s,t,i,c,s,.,S,i,m,-,O,p,t,i,o,n,s,.,M,o,d,e,l,-,O,p,t,i,o,n,.,S,y,s,-,O,p,t,i,o,n,s,.,R,u,n,-,C,o,n,t,r,o,l,.,S,t,r,e,a,m,-,C,l,a,s,s,.,D,e,s,c,r,i,p,t,i,o,n,.,C,u,s,t,o,m,-,U,o,m,.,R,e,p,o,r,t,O,p,t,i,o,n,s,.,R,e,p,o,r,t,.,B,l,o,c,k,-,R,e,p,o,r,t,.,S,t,r,e,a,m,-,R,e,p,o,r,t, ,-, ,c,o,m,p, ,s,t,a,t,u,s, ,2,0,9,7,2,8,2
D,a,t,a,.,S,e,t,u,p,.,M,a,i,n,.,G,l,o,b,a,l,.,U,n,i,t,s,-,S,e,t,s,.,A,c,c,o,u,n,t,-,I,n,f,o,.,D,i,a,g,n,o,s,t,i,c,s,.,S,i,m,-,O,p,t,i,o,n,s,.,M,o,d,e,l,-,O,p,t,i,o,n,.,S,y,s,-,O,p,t,i,o,n,s,.,R,u,n,-,C,o,n,t,r,o,l,.,S,t,r,e,a,m,-,C,l,a,s,s,.,D,e,s,c,r,i,p,t,i,o,n,.,C,u,s,t,o,m,-,U,o,m,.,R,e,p,o,r,t,O,p,t,i,o,n,s,.,R,e,p,o,r,t,.,B,l,o,c,k,-,R,e,p,o,r,t,.,S,t,r,e,a,m,-,R,e,p,o,r,t,.,F,l,o,w,s,h,e,e,t,-,R,e,p,o,r,t, ,-, ,c,o,m,p, ,s,t,a,t,u,s, ,2,0,9,7,2,8,2
D,a,t,a,.,S,e,t,u,p,.,M,a,i,n,.,G,l,o,b,a,l,.,U,n,i,t,s,-,S,e,t,s,.,A,c,c,o,u,n,t,-,I,n,f,o,.,D,i,a,g,n,o,s,t,i,c,s,.,S,i,m,-,O,p,t,i,o,n,s,.,M,o,d,e,l,-,O,p,t,i,o,n,.,S,y,s,-,O,p,t,i,o,n,s,.,R,u,n,-,C,o,n,t,r,o,l,.,S,t,r,e,a,m,-,C,l,a,s,s,.,D,e,s,c,r,i,p,t,i,o,n,.,C,u,s,t,o,m,-,U,o,m,.,R,e,p,o,r,t,O,p,t,i,o,n,s,.,R,e,p,o,r,t,.,B,l,o,c,k,-,R,e,p,o,r,t,.,S,t,r,e,a,m,-,R,e,p,o,r,t,.,F,l,o,w,s,h,e,e,t,-,R,e,p,o,r,t,.,P,r,o,p,e,r,t,y,-,R,e,p,o,r,t, ,-, ,c,o,m,p, ,s,t,a,t,u,s, ,2,0,9,7,2,8,2
D,a,t,a,.,S,e,t,u,p,.,M,a,i,n,.,G,l,o,b,a,l,.,U,n,i,t,s,-,S,e,t,s,.,A,c,c,o,u,n,t,-,I,n,f,o,.,D,i,a,g,n,o,s,t,i,c,s,.,S,i,m,-,O,p,t,i,o,n,s,.,M,o,d,e,l,-,O,p,t,i,o,n,.,S,y,s,-,O,p,t,i,o,n,s,.,R,u,n,-,C,o,n,t,r,o,l,.,S,t,r,e,a,m,-,C,l,a,s,s,.,D,e,s,c,r,i,p,t,i,o,n,.,C,u,s,t,o,m,-,U,o,m,.,R,e,p,o,r,t,O,p,t,i,o,n,s,.,R,e,p,o,r,t,.,B,l,o,c,k,-,R,e,p,o,r,t,.,S,t,r,e,a,m,-,R,e,p,o,r,t,.,F,l,o,w,s,h,e,e,t,-,R,e,p,o,r,t,.,P,r,o,p,e,r,t,y,-,R,e,p,o,r,t,.,A,D,A,-,R,e,p,o,r,t, ,-, ,c,o,m,p, ,s,t,a,t,u,s, ,2,0,9,7,2,8,2
D,a,t,a,.,S,e,t,u,p,.,M,a,i,n,.,G,l,o,b,a,l,.,U,n,i,t,s,-,S,e,t,s,.,A,c,c,o,u,n,t,-,I,n,f,o,.,D,i,a,g,n,o,s,t,i,c,s,.,S,i,m,-,O,p,t,i,o,n,s,.,M,o,d,e,l,-,O,p,t,i,o,n,.,S,y,s,-,O,p,t,i,o,n,s,.,R,u,n,-,C,o,n,t,r,o,l,.,S,t,r,e,a,m,-,C,l,a,s,s,.,D,e,s,c,r,i,p,t,i,o,n,.,C,u,s,t,o,m,-,U,o,m,.,R,e,p,o,r,t,O,p,t,i,o,n,s,.,R,e,p,o,r,t,.,B,l,o,c,k,-,R,e,p,o,r,t,.,S,t,r,e,a,m,-,R,e,p,o,r,t,.,F,l,o,w,s,h,e,e,t,-,R,e,p,o,r,t,.,P,r,o,p,e,r,t,y,-,R,e,p,o,r,t,.,A,D,A,-,R,e,p,o,r,t,.,B,a,t,c,h,-,O,p,e,r,a,t,i,o,n, ,-, ,c,o,m,p, ,s,t,a,t,u,s, ,2,0,9,7,2,8,2
D,a,t,a,.,S,e,t,u,p,.,M,a,i,n,.,G,l,o,b,a,l,.,U,n,i,t,s,-,S,e,t,s,.,A,c,c,o,u,n,t,-,I,n,f,o,.,D,i,a,g,n,o,s,t,i,c,s,.,S,i,m,-,O,p,t,i,o,n,s,.,M,o,d,e,l,-,O,p,t,i,o,n,.,S,y,s,-,O,p,t,i,o,n,s,.,R,u,n,-,C,o,n,t,r,o,l,.,S,t,r,e,a,m,-,C,l,a,s,s,.,D,e,s,c,r,i,p,t,i,o,n,.,C,u,s,t,o,m,-,U,o,m,.,R,e,p,o,r,t,O,p,t,i,o,n,s,.,R,e,p,o,r,t,.,B,l,o,c,k,-,R,e,p,o,r,t,.,S,t,r,e,a,m,-,R,e,p,o,r,t,.,F,l,o,w,s,h,e,e,t,-,R,e,p,o,r,t,.,P,r,o,p,e,r,t,y,-,R,e,p,o,r,t,.,A,D,A,-,R,e,p,o,r,t,.,B,a,t,c,h,-,O,p,e,r,a,t,i,o,n,.,S,t,r,e,a,m,-,N,a,m,e,s, ,-, ,c,o,m,p, ,s,t,a,t,u,s, ,2,0,9,7,2,8,2
D,a,t,a,.,S,e,t,u,p,.,M,a,i,n,.,G,l,o,b,a,l,.,U,n,i,t,s,-,S,e,t,s,.,A,c,c,o,u,n,t,-,I,n,f,o,.,D,i,a,g,n,o,s,t,i,c,s,.,S,i,m,-,O,p,t,i,o,n,s,.,M,o,d,e,l,-,O,p,t,i,o,n,.,S,y,s,-,O,p,t,i,o,n,s,.,R,u,n,-,C,o,n,t,r,o,l,.,S,t,r,e,a,m,-,C,l,a,s,s,.,D,e,s,c,r,i,p,t,i,o,n,.,C,u,s,t,o,m,-,U,o,m,.,R,e,p,o,r,t,O,p,t,i,o,n,s,.,C,u,r,r,e,n,c,y, ,-, ,c,o,m,p, ,s,t,a,t,u,s, ,2,0,9,7,2,8,2
D,a,t,a,.,S,e,t,u,p,.,M,a,i,n,.,G,l,o,b,a,l,.,U,n,i,t,s,-,S,e,t,s,.,A,c,c,o,u,n,t,-,I,n,f,o,.,D,i,a,g,n,o,s,t,i,c,s,.,S,i,m,-,O,p,t,i,o,n,s,.,M,o,d,e,l,-,O,p,t,i,o,n,.,S,y,s,-,O,p,t,i,o,n,s,.,R,u,n,-,C,o,n,t,r,o,l,.,S,t,r,e,a,m,-,C,l,a,s,s,.,D,e,s,c,r,i,p,t,i,o,n,.,C,u,s,t,o,m,-,U,o,m,.,R,e,p,o,r,t,O,p,t,i,o,n,s,.,C,u,r,r,e,n,c,y,.,S,t,r,e,a,m,-,P,r,i,c,e, ,-, ,c,o,m,p, ,s,t,a,t,u,s, ,2,0,9,7,2,8,2
D,a,t,a,.,S,e,t,u,p,.,M,a,i,n,.,G,l,o,b,a,l,.,U,n,i,t,s,-,S,e,t,s,.,A,c,c,o,u,n,t,-,I,n,f,o,.,D,i,a,g,n,o,s,t,i,c,s,.,S,i,m,-,O,p,t,i,o,n,s,.,M,o,d,e,l,-,O,p,t,i,o,n,.,S,y,s,-,O,p,t,i,o,n,s,.,R,u,n,-,C,o,n,t,r,o,l,.,S,t,r,e,a,m,-,C,l,a,s,s,.,D,e,s,c,r,i,p,t,i,o,n,.,C,u,s,t,o,m,-,U,o,m,.,R,e,p,o,r,t,O,p,t,i,o,n,s,.,C,u,r,r,e,n,c,y,.,S,t,r,e,a,m,-,P,r,i,c,e,.,S,t,r,e,a,m,-,G,r,o,u,p,s, ,-, ,c,o,m,p, ,s,t,a,t,u,s, ,2,0,9,7,2,8,2
D,a,t,a,.,S,e,t,u,p,.,M,a,i,n,.,G,l,o,b,a,l,.,U,n,i,t,s,-,S,e,t,s,.,A,c,c,o,u,n,t,-,I,n,f,o,.,D,i,a,g,n,o,s,t,i,c,s,.,S,i,m,-,O,p,t,i,o,n,s,.,M,o,d,e,l,-,O,p,t,i,o,n,.,S,y,s,-,O,p,t,i,o,n,s,.,R,u,n,-,C,o,n,t,r,o,l,.,S,t,r,e,a,m,-,C,l,a,s,s,.,D,e,s,c,r,i,p,t,i,o,n,.,C,u,s,t,o,m,-,U,o,m,.,R,e,p,o,r,t,O,p,t,i,o,n,s,.,C,u,r,r,e,n,c,y,.,S,t,r,e,a,m,-,P,r,i,c,e,.,S,t,r,e,a,m,-,G,r,o,u,p,s,.,A,l,l, ,-, ,c,o,m,p, ,s,t,a,t,u,s, ,2,0,9,7,2,8,2
D,a,t,a,.,S,e,t,u,p,.,M,a,i,n,.,G,l,o,b,a,l,.,U,n,i,t,s,-,S,e,t,s,.,A,c,c,o,u,n,t,-,I,n,f,o,.,D,i,a,g,n,o,s,t,i,c,s,.,S,i,m,-,O,p,t,i,o,n,s,.,M,o,d,e,l,-,O,p,t,i,o,n,.,S,y,s,-,O,p,t,i,o,n,s,.,R,u,n,-,C,o,n,t,r,o,l,.,S,t,r,e,a,m,-,C,l,a,s,s,.,D,e,s,c,r,i,p,t,i,o,n,.,C,u,s,t,o,m,-,U,o,m,.,R,e,p,o,r,t,O,p,t,i,o,n,s,.,C,u,r,r,e,n,c,y,.,S,t,r,e,a,m,-,P,r,i,c,e,.,S,t,r,e,a,m,-,G,r,o,u,p,s,.,A,l,l,.,B,o,u,n,d,a,r,y, ,-, ,c,o,m,p, ,s,t,a,t,u,s, ,2,0,9,7,2,8,2
D,a,t,a,.,S,e,t,u,p,.,M,a,i,n,.,G,l,o,b,a,l,.,U,n,i,t,s,-,S,e,t,s,.,A,c,c,o,u,n,t,-,I,n,f,o,.,D,i,a,g,n,o,s,t,i,c,s,.,S,i,m,-,O,p,t,i,o,n,s,.,M,o,d,e,l,-,O,p,t,i,o,n,.,S,y,s,-,O,p,t,i,o,n,s,.,R,u,n,-,C,o,n,t,r,o,l,.,S,t,r,e,a,m,-,C,l,a,s,s,.,D,e,s,c,r,i,p,t,i,o,n,.,C,u,s,t,o,m,-,U,o,m,.,R,e,p,o,r,t,O,p,t,i,o,n,s,.,C,u,r,r,e,n,c,y,.,S,t,r,e,a,m,-,P,r,i,c,e,.,S,t,r,e,a,m,-,G,r,o,u,p,s,.,A,l,l,.,B,o,u,n,d,a,r,y,.,C,h,a,r,g,e, ,-, ,c,o,m,p, ,s,t,a,t,u,s, ,2,0,9,7,2,8,2
D,a,t,a,.,S,e,t,u,p,.,M,a,i,n,.,G,l,o,b,a,l,.,U,n,i,t,s,-,S,e,t,s,.,A,c,c,o,u,n,t,-,I,n,f,o,.,D,i,a,g,n,o,s,t,i,c,s,.,S,i,m,-,O,p,t,i,o,n,s,.,M,o,d,e,l,-,O,p,t,i,o,n,.,S,y,s,-,O,p,t,i,o,n,s,.,R,u,n,-,C,o,n,t,r,o,l,.,S,t,r,e,a,m,-,C,l,a,s,s,.,D,e,s,c,r,i,p,t,i,o,n,.,C,u,s,t,o,m,-,U,o,m,.,R,e,p,o,r,t,O,p,t,i,o,n,s,.,C,u,r,r,e,n,c,y,.,S,t,r,e,a,m,-,P,r,i,c,e,.,S,t,r,e,a,m,-,G,r,o,u,p,s,.,A,l,l,.,B,o,u,n,d,a,r,y,.,C,h,a,r,g,e,.,F,e,e,d,s, ,-, ,c,o,m,p, ,s,t,a,t,u,s, ,2,0,9,7,2,8,2
D,a,t,a,.,S,e,t,u,p,.,M,a,i,n,.,G,l,o,b,a,l,.,U,n,i,t,s,-,S,e,t,s,.,A,c,c,o,u,n,t,-,I,n,f,o,.,D,i,a,g,n,o,s,t,i,c,s,.,S,i,m,-,O,p,t,i,o,n,s,.,M,o,d,e,l,-,O,p,t,i,o,n,.,S,y,s,-,O,p,t,i,o,n,s,.,R,u,n,-,C,o,n,t,r,o,l,.,S,t,r,e,a,m,-,C,l,a,s,s,.,D,e,s,c,r,i,p,t,i,o,n,.,C,u,s,t,o,m,-,U,o,m,.,R,e,p,o,r,t,O,p,t,i,o,n,s,.,C,u,r,r,e,n,c,y,.,S,t,r,e,a,m,-,P,r,i,c,e,.,S,t,r,e,a,m,-,G,r,o,u,p,s,.,A,l,l,.,B,o,u,n,d,a,r,y,.,C,h,a,r,g,e,.,F,e,e,d,s,.,I,n,i,t,i,a,l, ,-, ,c,o,m,p, ,s,t,a,t,u,s, ,2,0,9,7,2,8,2
D,a,t,a,.,S,e,t,u,p,.,M,a,i,n,.,G,l,o,b,a,l,.,U,n,i,t,s,-,S,e,t,s,.,A,c,c,o,u,n,t,-,I,n,f,o,.,D,i,a,g,n,o,s,t,i,c,s,.,S,i,m,-,O,p,t,i,o,n,s,.,M,o,d,e,l,-,O,p,t,i,o,n,.,S,y,s,-,O,p,t,i,o,n,s,.,R,u,n,-,C,o,n,t,r,o,l,.,S,t,r,e,a,m,-,C,l,a,s,s,.,D,e,s,c,r,i,p,t,i,o,n,.,C,u,s,t,o,m,-,U,o,m,.,R,e,p,o,r,t,O,p,t,i,o,n,s,.,C,u,r,r,e,n,c,y,.,S,t,r,e,a,m,-,P,r,i,c,e,.,S,t,r,e,a,m,-,G,r,o,u,p,s,.,A,l,l,.,B,o,u,n,d,a,r,y,.,C,h,a,r,g,e,.,F,e,e,d,s,.,I,n,i,t,i,a,l,.,P,r,o,d,u,c,t,s, ,-, ,c,o,m,p, ,s,t,a,t,u,s, ,2,0,9,7,2,8,2
D,a,t,a,.,S,e,t,u,p,.,M,a,i,n,.,G,l,o,b,a,l,.,U,n,i,t,s,-,S,e,t,s,.,A,c,c,o,u,n,t,-,I,n,f,o,.,D,i,a,g,n,o,s,t,i,c,s,.,S,i,m,-,O,p,t,i,o,n,s,.,M,o,d,e,l,-,O,p,t,i,o,n,.,S,y,s,-,O,p,t,i,o,n,s,.,R,u,n,-,C,o,n,t,r,o,l,.,S,t,r,e,a,m,-,C,l,a,s,s,.,D,e,s,c,r,i,p,t,i,o,n,.,C,u,s,t,o,m,-,U,o,m,.,R,e,p,o,r,t,O,p,t,i,o,n,s,.,C,u,r,r,e,n,c,y,.,S,t,r,e,a,m,-,P,r,i,c,e,.,S,t,r,e,a,m,-,G,r,o,u,p,s,.,A,l,l,.,B,o,u,n,d,a,r,y,.,C,h,a,r,g,e,.,F,e,e,d,s,.,I,n,i,t,i,a,l,.,P,r,o,d,u,c,t,s,.,T,e,a,r,s, ,-, ,c,o,m,p, ,s,t,a,t,u,s, ,2,0,9,7,2,8,2
D,a,t,a,.,S,e,t,u,p,.,M,a,i,n,.,G,l,o,b,a,l,.,U,n,i,t,s,-,S,e,t,s,.,A,c,c,o,u,n,t,-,I,n,f,o,.,D,i,a,g,n,o,s,t,i,c,s,.,S,i,m,-,O,p,t,i,o,n,s,.,M,o,d,e,l,-,O,p,t,i,o,n,.,S,y,s,-,O,p,t,i,o,n,s,.,R,u,n,-,C,o,n,t,r,o,l,.,S,t,r,e,a,m,-,C,l,a,s,s,.,D,e,s,c,r,i,p,t,i,o,n,.,C,u,s,t,o,m,-,U,o,m,.,R,e,p,o,r,t,O,p,t,i,o,n,s,.,C,u,r,r,e,n,c,y,.,S,t,r,e,a,m,-,P,r,i,c,e,.,S,t,r,e,a,m,-,G,r,o,u,p,s,.,V,a,r,i,a,b,l,e,-,G,r,o,u,p,s, ,-, ,c,o,m,p, ,s,t,a,t,u,s, ,2,0,9,7,6,6,6
D,a,t,a,.,S,e,t,u,p,.,P,u,r,e, ,D,a,t,a,b,a,n,k,s, ,-, ,c,o,m,p, ,s,t,a,t,u,s, ,2,0,9,7,2,8,2
D,a,t,a,.,S,e,t,u,p,.,P,u,r,e, ,D,a,t,a,b,a,n,k,s,.,O,t,h,e,r, ,D,a,t,a,b,a,n,k,s, ,-, ,c,o,m,p, ,s,t,a,t,u,s, ,2,0,9,7,2,8,2
D,a,t,a,.,S,e,t,u,p,.,P,u,r,e, ,D,a,t,a,b,a,n,k,s,.,O,t,h,e,r, ,D,a,t,a,b,a,n,k,s,.,C,o,m,p,o,n,e,n,t,s, ,-, ,c,o,m,p, ,s,t,a,t,u,s, ,2,0,9,7,2,1,8
D,a,t,a,.,S,e,t,u,p,.,P,u,r,e, ,D,a,t,a,b,a,n,k,s,.,O,t,h,e,r, ,D,a,t,a,b,a,n,k,s,.,C,o,m,p,o,n,e,n,t,s,.,S,p,e,c,i,f,i,c,a,t,i,o,n,s, ,-, ,c,o,m,p, ,s,t,a,t,u,s, ,2,0,9,7,2,1,8
D,a,t,a,.,S,e,t,u,p,.,P,u,r,e, ,D,a,t,a,b,a,n,k,s,.,O,t,h,e,r, ,D,a,t,a,b,a,n,k,s,.,C,o,m,p,o,n,e,n,t,s,.,S,p,e,c,i,f,i,c,a,t,i,o,n,s,.,A,s,s,a,y,/,B,l,e,n,d, ,-, ,c,o,m,p, ,s,t,a,t,u,s, ,2,0,9,7,6,6,6
D,a,t,a,.,S,e,t,u,p,.,P,u,r,e, ,D,a,t,a,b,a,n,k,s,.,O,t,h,e,r, ,D,a,t,a,b,a,n,k,s,.,C,o,m,p,o,n,e,n,t,s,.,S,p,e,c,i,f,i,c,a,t,i,o,n,s,.,A,s,s,a,y,/,B,l,e,n,d,.,L,i,g,h,t,E,n,d,P,r,o,p,e,r,t,i,e,s, ,-, ,c,o,m,p, ,s,t,a,t,u,s, ,2,0,9,7,2,8,2
D,a,t,a,.,S,e,t,u,p,.,P,u,r,e, ,D,a,t,a,b,a,n,k,s,.,O,t,h,e,r, ,D,a,t,a,b,a,n,k,s,.,C,o,m,p,o,n,e,n,t,s,.,S,p,e,c,i,f,i,c,a,t,i,o,n,s,.,A,s,s,a,y,/,B,l,e,n,d,.,L,i,g,h,t,E,n,d,P,r,o,p,e,r,t,i,e,s,.,P,e,t,r,o,C,h,a,r,a,c,t,e,r,i,z,a,t,i,o,n, ,-, ,c,o,m,p, ,s,t,a,t,u,s, ,2,0,9,7,6,6,6
D,a,t,a,.,S,e,t,u,p,.,P,u,r,e, ,D,a,t,a,b,a,n,k,s,.,O,t,h,e,r, ,D,a,t,a,b,a,n,k,s,.,C,o,m,p,o,n,e,n,t,s,.,S,p,e,c,i,f,i,c,a,t,i,o,n,s,.,A,s,s,a,y,/,B,l,e,n,d,.,L,i,g,h,t,E,n,d,P,r,o,p,e,r,t,i,e,s,.,P,e,t,r,o,C,h,a,r,a,c,t,e,r,i,z,a,t,i,o,n,.,G,e,n,e,r,a,t,i,o,n, ,-, ,c,o,m,p, ,s,t,a,t,u,s, ,2,0,9,7,6,6,6
D,a,t,a,.,S,e,t,u,p,.,P,u,r,e, ,D,a,t,a,b,a,n,k,s,.,O,t,h,e,r, ,D,a,t,a,b,a,n,k,s,.,C,o,m,p,o,n,e,n,t,s,.,S,p,e,c,i,f,i,c,a,t,i,o,n,s,.,A,s,s,a,y,/,B,l,e,n,d,.,L,i,g,h,t,E,n,d,P,r,o,p,e,r,t,i,e,s,.,P,e,t,r,o,C,h,a,r,a,c,t,e,r,i,z,a,t,i,o,n,.,G,e,n,e,r,a,t,i,o,n,.,A,n,a,l,y,s,i,s, ,O,p,t,i,o,n,s, ,-, ,c,o,m,p, ,s,t,a,t,u,s, ,2,0,9,7,6,6,6
D,a,t,a,.,S,e,t,u,p,.,P,u,r,e, ,D,a,t,a,b,a,n,k,s,.,O,t,h,e,r, ,D,a,t,a,b,a,n,k,s,.,C,o,m,p,o,n,e,n,t,s,.,S,p,e,c,i,f,i,c,a,t,i,o,n,s,.,A,s,s,a,y,/,B,l,e,n,d,.,L,i,g,h,t,E,n,d,P,r,o,p,e,r,t,i,e,s,.,P,e,t,r,o,C,h,a,r,a,c,t,e,r,i,z,a,t,i,o,n,.,G,e,n,e,r,a,t,i,o,n,.,A,n,a,l,y,s,i,s, ,O,p,t,i,o,n,s,.,A,s,s,a,y, ,P,r,o,c,e,d,u,r,e,s, ,-, ,c,o,m,p, ,s,t,a,t,u,s, ,2,0,9,7,2,8,2
D,a,t,a,.,S,e,t,u,p,.,P,u,r,e, ,D,a,t,a,b,a,n,k,s,.,O,t,h,e,r, ,D,a,t,a,b,a,n,k,s,.,C,o,m,p,o,n,e,n,t,s,.,S,p,e,c,i,f,i,c,a,t,i,o,n,s,.,A,s,s,a,y,/,B,l,e,n,d,.,L,i,g,h,t,E,n,d,P,r,o,p,e,r,t,i,e,s,.,P,e,t,r,o,C,h,a,r,a,c,t,e,r,i,z,a,t,i,o,n,.,G,e,n,e,r,a,t,i,o,n,.,A,n,a,l,y,s,i,s, ,O,p,t,i,o,n,s,.,A,s,s,a,y, ,P,r,o,c,e,d,u,r,e,s,.,B,l,e,n,d, ,O,p,t,i,o,n,s, ,-, ,c,o,m,p, ,s,t,a,t,u,s, ,2,0,9,7,2,8,2
D,a,t,a,.,S,e,t,u,p,.,P,u,r,e, ,D,a,t,a,b,a,n,k,s,.,O,t,h,e,r, ,D,a,t,a,b,a,n,k,s,.,C,o,m,p,o,n,e,n,t,s,.,S,p,e,c,i,f,i,c,a,t,i,o,n,s,.,A,s,s,a,y,/,B,l,e,n,d,.,L,i,g,h,t,E,n,d,P,r,o,p,e,r,t,i,e,s,.,P,e,t,r,o,C,h,a,r,a,c,t,e,r,i,z,a,t,i,o,n,.,G,e,n,e,r,a,t,i,o,n,.,A,n,a,l,y,s,i,s, ,O,p,t,i,o,n,s,.,P,r,o,p,e,r,t,i,e,s, ,-, ,c,o,m,p, ,s,t,a,t,u,s, ,2,0,9,7,6,6,6
D,a,t,a,.,S,e,t,u,p,.,P,u,r,e, ,D,a,t,a,b,a,n,k,s,.,O,t,h,e,r, ,D,a,t,a,b,a,n,k,s,.,C,o,m,p,o,n,e,n,t,s,.,S,p,e,c,i,f,i,c,a,t,i,o,n,s,.,A,s,s,a,y,/,B,l,e,n,d,.,L,i,g,h,t,E,n,d,P,r,o,p,e,r,t,i,e,s,.,P,e,t,r,o,C,h,a,r,a,c,t,e,r,i,z,a,t,i,o,n,.,P,s,e,u,d,o,c,o,m,p,o,n,e,n,t,s, ,-, ,c,o,m,p, ,s,t,a,t,u,s, ,2,0,9,7,6,6,6
D,a,t,a,.,S,e,t,u,p,.,P,u,r,e, ,D,a,t,a,b,a,n,k,s,.,O,t,h,e,r, ,D,a,t,a,b,a,n,k,s,.,C,o,m,p,o,n,e,n,t,s,.,S,p,e,c,i,f,i,c,a,t,i,o,n,s,.,A,s,s,a,y,/,B,l,e,n,d,.,L,i,g,h,t,E,n,d,P,r,o,p,e,r,t,i,e,s,.,P,e,t,r,o,C,h,a,r,a,c,t,e,r,i,z,a,t,i,o,n,.,P,s,e,u,d,o,c,o,m,p,o,n,e,n,t,s,.,S,p,e,c,i,f,i,c,a,t,i,o,n,s, ,-, ,c,o,m,p, ,s,t,a,t,u,s, ,2,0,9,7,2,8,2
D,a,t,a,.,S,e,t,u,p,.,P,u,r,e, ,D,a,t,a,b,a,n,k,s,.,O,t,h,e,r, ,D,a,t,a,b,a,n,k,s,.,C,o,m,p,o,n,e,n,t,s,.,S,p,e,c,i,f,i,c,a,t,i,o,n,s,.,A,s,s,a,y,/,B,l,e,n,d,.,L,i,g,h,t,E,n,d,P,r,o,p,e,r,t,i,e,s,.,P,e,t,r,o,C,h,a,r,a,c,t,e,r,i,z,a,t,i,o,n,.,P,s,e,u,d,o,c,o,m,p,o,n,e,n,t,s,.,S,p,e,c,i,f,i,c,a,t,i,o,n,s,.,P,r,o,p,e,r,t,i,e,s, ,-, ,c,o,m,p, ,s,t,a,t,u,s, ,2,0,9,7,2,8,2
D,a,t,a,.,S,e,t,u,p,.,P,u,r,e, ,D,a,t,a,b,a,n,k,s,.,O,t,h,e,r, ,D,a,t,a,b,a,n,k,s,.,C,o,m,p,o,n,e,n,t,s,.,S,p,e,c,i,f,i,c,a,t,i,o,n,s,.,A,s,s,a,y,/,B,l,e,n,d,.,L,i,g,h,t,E,n,d,P,r,o,p,e,r,t,i,e,s,.,P,e,t,r,o,C,h,a,r,a,c,t,e,r,i,z,a,t,i,o,n,.,P,s,e,u,d,o,c,o,m,p,o,n,e,n,t,s,.,A,t,t,r,-,C,o,m,p,s, ,-, ,c,o,m,p, ,s,t,a,t,u,s, ,2,0,9,7,2,8,2
D,a,t,a,.,S,e,t,u,p,.,P,u,r,e, ,D,a,t,a,b,a,n,k,s,.,O,t,h,e,r, ,D,a,t,a,b,a,n,k,s,.,C,o,m,p,o,n,e,n,t,s,.,S,p,e,c,i,f,i,c,a,t,i,o,n,s,.,A,s,s,a,y,/,B,l,e,n,d,.,L,i,g,h,t,E,n,d,P,r,o,p,e,r,t,i,e,s,.,P,e,t,r,o,C,h,a,r,a,c,t,e,r,i,z,a,t,i,o,n,.,P,s,e,u,d,o,c,o,m,p,o,n,e,n,t,s,.,A,t,t,r,-,C,o,m,p,s,.,H,e,n,r,y,-,C,o,m,p,s, ,-, ,c,o,m,p, ,s,t,a,t,u,s, ,2,0,9,7,6,6,6
D,a,t,a,.,S,e,t,u,p,.,P,u,r,e, ,D,a,t,a,b,a,n,k,s,.,O,t,h,e,r, ,D,a,t,a,b,a,n,k,s,.,C,o,m,p,o,n,e,n,t,s,.,S,p,e,c,i,f,i,c,a,t,i,o,n,s,.,A,s,s,a,y,/,B,l,e,n,d,.,L,i,g,h,t,E,n,d,P,r,o,p,e,r,t,i,e,s,.,P,e,t,r,o,C,h,a,r,a,c,t,e,r,i,z,a,t,i,o,n,.,P,s,e,u,d,o,c,o,m,p,o,n,e,n,t,s,.,A,t,t,r,-,C,o,m,p,s,.,H,e,n,r,y,-,C,o,m,p,s,.,M,o,i,s,t,u,r,e,-,C,o,m,p,s, ,-, ,c,o,m,p, ,s,t,a,t,u,s, ,2,0,9,7,2,8,2
D,a,t,a,.,S,e,t,u,p,.,P,u,r,e, ,D,a,t,a,b,a,n,k,s,.,O,t,h,e,r, ,D,a,t,a,b,a,n,k,s,.,C,o,m,p,o,n,e,n,t,s,.,S,p,e,c,i,f,i,c,a,t,i,o,n,s,.,A,s,s,a,y,/,B,l,e,n,d,.,L,i,g,h,t,E,n,d,P,r,o,p,e,r,t,i,e,s,.,P,e,t,r,o,C,h,a,r,a,c,t,e,r,i,z,a,t,i,o,n,.,P,s,e,u,d,o,c,o,m,p,o,n,e,n,t,s,.,A,t,t,r,-,C,o,m,p,s,.,H,e,n,r,y,-,C,o,m,p,s,.,M,o,i,s,t,u,r,e,-,C,o,m,p,s,.,U,N,I,F,A,C,-,G,r,o,u,p,s, ,-, ,c,o,m,p, ,s,t,a,t,u,s, ,2,0,9,7,2,8,2
D,a,t,a,.,S,e,t,u,p,.,P,u,r,e, ,D,a,t,a,b,a,n,k,s,.,O,t,h,e,r, ,D,a,t,a,b,a,n,k,s,.,C,o,m,p,o,n,e,n,t,s,.,S,p,e,c,i,f,i,c,a,t,i,o,n,s,.,A,s,s,a,y,/,B,l,e,n,d,.,L,i,g,h,t,E,n,d,P,r,o,p,e,r,t,i,e,s,.,P,e,t,r,o,C,h,a,r,a,c,t,e,r,i,z,a,t,i,o,n,.,P,s,e,u,d,o,c,o,m,p,o,n,e,n,t,s,.,A,t,t,r,-,C,o,m,p,s,.,H,e,n,r,y,-,C,o,m,p,s,.,M,o,i,s,t,u,r,e,-,C,o,m,p,s,.,U,N,I,F,A,C,-,G,r,o,u,p,s,.,C,o,m,p,-,G,r,o,u,p,s, ,-, ,c,o,m,p, ,s,t,a,t,u,s, ,2,0,9,7,6,6,6
D,a,t,a,.,S,e,t,u,p,.,P,u,r,e, ,D,a,t,a,b,a,n,k,s,.,O,t,h,e,r, ,D,a,t,a,b,a,n,k,s,.,C,o,m,p,o,n,e,n,t,s,.,S,p,e,c,i,f,i,c,a,t,i,o,n,s,.,A,s,s,a,y,/,B,l,e,n,d,.,L,i,g,h,t,E,n,d,P,r,o,p,e,r,t,i,e,s,.,P,e,t,r,o,C,h,a,r,a,c,t,e,r,i,z,a,t,i,o,n,.,P,s,e,u,d,o,c,o,m,p,o,n,e,n,t,s,.,A,t,t,r,-,C,o,m,p,s,.,H,e,n,r,y,-,C,o,m,p,s,.,M,o,i,s,t,u,r,e,-,C,o,m,p,s,.,U,N,I,F,A,C,-,G,r,o,u,p,s,.,C,o,m,p,-,G,r,o,u,p,s,.,C,o,m,p,-,L,i,s,t,s, ,-, ,c,o,m,p, ,s,t,a,t,u,s, ,2,0,9,7,2,1,8
D,a,t,a,.,S,e,t,u,p,.,P,u,r,e, ,D,a,t,a,b,a,n,k,s,.,O,t,h,e,r, ,D,a,t,a,b,a,n,k,s,.,C,o,m,p,o,n,e,n,t,s,.,S,p,e,c,i,f,i,c,a,t,i,o,n,s,.,A,s,s,a,y,/,B,l,e,n,d,.,L,i,g,h,t,E,n,d,P,r,o,p,e,r,t,i,e,s,.,P,e,t,r,o,C,h,a,r,a,c,t,e,r,i,z,a,t,i,o,n,.,P,s,e,u,d,o,c,o,m,p,o,n,e,n,t,s,.,A,t,t,r,-,C,o,m,p,s,.,H,e,n,r,y,-,C,o,m,p,s,.,M,o,i,s,t,u,r,e,-,C,o,m,p,s,.,U,N,I,F,A,C,-,G,r,o,u,p,s,.,C,o,m,p,-,G,r,o,u,p,s,.,C,o,m,p,-,L,i,s,t,s,.,G,L,O,B,A,L, ,-, ,c,o,m,p, ,s,t,a,t,u,s, ,2,0,9,7,2,1,8
D,a,t,a,.,S,e,t,u,p,.,P,u,r,e, ,D,a,t,a,b,a,n,k,s,.,O,t,h,e,r, ,D,a,t,a,b,a,n,k,s,.,C,o,m,p,o,n,e,n,t,s,.,S,p,e,c,i,f,i,c,a,t,i,o,n,s,.,A,s,s,a,y,/,B,l,e,n,d,.,L,i,g,h,t,E,n,d,P,r,o,p,e,r,t,i,e,s,.,P,e,t,r,o,C,h,a,r,a,c,t,e,r,i,z,a,t,i,o,n,.,P,s,e,u,d,o,c,o,m,p,o,n,e,n,t,s,.,A,t,t,r,-,C,o,m,p,s,.,H,e,n,r,y,-,C,o,m,p,s,.,M,o,i,s,t,u,r,e,-,C,o,m,p,s,.,U,N,I,F,A,C,-,G,r,o,u,p,s,.,C,o,m,p,-,G,r,o,u,p,s,.,C,o,m,p,-,L,i,s,t,s,.,P,o,l,y,m,e,r,s, ,-, ,c,o,m,p, ,s,t,a,t,u,s, ,2,0,9,7,2,8,2
D,a,t,a,.,S,e,t,u,p,.,P,u,r,e, ,D,a,t,a,b,a,n,k,s,.,O,t,h,e,r, ,D,a,t,a,b,a,n,k,s,.,C,o,m,p,o,n,e,n,t,s,.,S,p,e,c,i,f,i,c,a,t,i,o,n,s,.,A,s,s,a,y,/,B,l,e,n,d,.,L,i,g,h,t,E,n,d,P,r,o,p,e,r,t,i,e,s,.,P,e,t,r,o,C,h,a,r,a,c,t,e,r,i,z,a,t,i,o,n,.,P,s,e,u,d,o,c,o,m,p,o,n,e,n,t,s,.,A,t,t,r,-,C,o,m,p,s,.,H,e,n,r,y,-,C,o,m,p,s,.,M,o,i,s,t,u,r,e,-,C,o,m,p,s,.,U,N,I,F,A,C,-,G,r,o,u,p,s,.,C,o,m,p,-,G,r,o,u,p,s,.,C,o,m,p,-,L,i,s,t,s,.,P,o,l,y,m,e,r,s,.,A,t,t,r,-,S,c,a,l,i,n,g, ,-, ,c,o,m,p, ,s,t,a,t,u,s, ,2,0,9,7,2,8,2
D,a,t,a,.,S,e,t,u,p,.,P,u,r,e, ,D,a,t,a,b,a,n,k,s,.,O,t,h,e,r, ,D,a,t,a,b,a,n,k,s,.,C,o,m,p,o,n,e,n,t,s,.,P,r,o,p,e,r,t,i,e,s, ,-, ,c,o,m,p, ,s,t,a,t,u,s, ,2,0,9,7,2,1,8
D,a,t,a,.,S,e,t,u,p,.,P,u,r,e, ,D,a,t,a,b,a,n,k,s,.,O,t,h,e,r, ,D,a,t,a,b,a,n,k,s,.,C,o,m,p,o,n,e,n,t,s,.,P,r,o,p,e,r,t,i,e,s,.,S,p,e,c,i,f,i,c,a,t,i,o,n,s, ,-, ,c,o,m,p, ,s,t,a,t,u,s, ,2,0,9,7,2,1,8
D,a,t,a,.,S,e,t,u,p,.,P,u,r,e, ,D,a,t,a,b,a,n,k,s,.,O,t,h,e,r, ,D,a,t,a,b,a,n,k,s,.,C,o,m,p,o,n,e,n,t,s,.,P,r,o,p,e,r,t,i,e,s,.,S,p,e,c,i,f,i,c,a,t,i,o,n,s,.,P,r,o,p,e,r,t,y, ,M,e,t,h,o,d,s, ,-, ,c,o,m,p, ,s,t,a,t,u,s, ,2,0,9,7,6,6,6
D,a,t,a,.,S,e,t,u,p,.,P,u,r,e, ,D,a,t,a,b,a,n,k,s,.,O,t,h,e,r, ,D,a,t,a,b,a,n,k,s,.,C,o,m,p,o,n,e,n,t,s,.,P,r,o,p,e,r,t,i,e,s,.,S,p,e,c,i,f,i,c,a,t,i,o,n,s,.,P,r,o,p,e,r,t,y, ,M,e,t,h,o,d,s,.,E,s,t,i,m,a,t,i,o,n, ,-, ,c,o,m,p, ,s,t,a,t,u,s, ,2,0,9,7,6,6,6
D,a,t,a,.,S,e,t,u,p,.,P,u,r,e, ,D,a,t,a,b,a,n,k,s,.,O,t,h,e,r, ,D,a,t,a,b,a,n,k,s,.,C,o,m,p,o,n,e,n,t,s,.,P,r,o,p,e,r,t,i,e,s,.,S,p,e,c,i,f,i,c,a,t,i,o,n,s,.,P,r,o,p,e,r,t,y, ,M,e,t,h,o,d,s,.,E,s,t,i,m,a,t,i,o,n,.,E,s,t,i,m,a,t,e, ,-, ,c,o,m,p, ,s,t,a,t,u,s, ,2,0,9,7,2,8,2
D,a,t,a,.,S,e,t,u,p,.,P,u,r,e, ,D,a,t,a,b,a,n,k,s,.,O,t,h,e,r, ,D,a,t,a,b,a,n,k,s,.,C,o,m,p,o,n,e,n,t,s,.,P,r,o,p,e,r,t,i,e,s,.,S,p,e,c,i,f,i,c,a,t,i,o,n,s,.,P,r,o,p,e,r,t,y, ,M,e,t,h,o,d,s,.,E,s,t,i,m,a,t,i,o,n,.,E,s,t,i,m,a,t,e,.,C,o,m,p,a,r,e, ,-, ,c,o,m,p, ,s,t,a,t,u,s, ,2,0,9,7,2,8,2
D,a,t,a,.,S,e,t,u,p,.,P,u,r,e, ,D,a,t,a,b,a,n,k,s,.,O,t,h,e,r, ,D,a,t,a,b,a,n,k,s,.,C,o,m,p,o,n,e,n,t,s,.,P,r,o,p,e,r,t,i,e,s,.,S,p,e,c,i,f,i,c,a,t,i,o,n,s,.,P,r,o,p,e,r,t,y, ,M,e,t,h,o,d,s,.,E,s,t,i,m,a,t,i,o,n,.,M,o,l,e,c,u,l,a,r, ,S,t,r,u,c,t,u,r,e, ,-, ,c,o,m,p, ,s,t,a,t,u,s, ,2,0,9,7,6,6,6
D,a,t,a,.,S,e,t,u,p,.,P,u,r,e, ,D,a,t,a,b,a,n,k,s,.,O,t,h,e,r, ,D,a,t,a,b,a,n,k,s,.,C,o,m,p,o,n,e,n,t,s,.,P,r,o,p,e,r,t,i,e,s,.,S,p,e,c,i,f,i,c,a,t,i,o,n,s,.,P,r,o,p,e,r,t,y, ,M,e,t,h,o,d,s,.,E,s,t,i,m,a,t,i,o,n,.,M,o,l,e,c,u,l,a,r, ,S,t,r,u,c,t,u,r,e,.,P,a,r,a,m,e,t,e,r,s, ,-, ,c,o,m,p, ,s,t,a,t,u,s, ,2,0,9,7,6,6,6
D,a,t,a,.,S,e,t,u,p,.,P,u,r,e, ,D,a,t,a,b,a,n,k,s,.,O,t,h,e,r, ,D,a,t,a,b,a,n,k,s,.,C,o,m,p,o,n,e,n,t,s,.,P,r,o,p,e,r,t,i,e,s,.,S,p,e,c,i,f,i,c,a,t,i,o,n,s,.,P,r,o,p,e,r,t,y, ,M,e,t,h,o,d,s,.,E,s,t,i,m,a,t,i,o,n,.,M,o,l,e,c,u,l,a,r, ,S,t,r,u,c,t,u,r,e,.,P,a,r,a,m,e,t,e,r,s,.,P,u,r,e, ,C,o,m,p,o,n,e,n,t,s, ,-, ,c,o,m,p, ,s,t,a,t,u,s, ,2,0,9,7,6,6,6
D,a,t,a,.,S,e,t,u,p,.,P,u,r,e, ,D,a,t,a,b,a,n,k,s,.,O,t,h,e,r, ,D,a,t,a,b,a,n,k,s,.,C,o,m,p,o,n,e,n,t,s,.,P,r,o,p,e,r,t,i,e,s,.,S,p,e,c,i,f,i,c,a,t,i,o,n,s,.,P,r,o,p,e,r,t,y, ,M,e,t,h,o,d,s,.,E,s,t,i,m,a,t,i,o,n,.,M,o,l,e,c,u,l,a,r, ,S,t,r,u,c,t,u,r,e,.,P,a,r,a,m,e,t,e,r,s,.,P,u,r,e, ,C,o,m,p,o,n,e,n,t,s,.,B,i,n,a,r,y, ,I,n,t,e,r,a,c,t,i,o,n, ,-, ,c,o,m,p, ,s,t,a,t,u,s, ,2,0,9,7,6,6,6
D,a,t,a,.,S,e,t,u,p,.,P,u,r,e, ,D,a,t,a,b,a,n,k,s,.,O,t,h,e,r, ,D,a,t,a,b,a,n,k,s,.,C,o,m,p,o,n,e,n,t,s,.,P,r,o,p,e,r,t,i,e,s,.,S,p,e,c,i,f,i,c,a,t,i,o,n,s,.,P,r,o,p,e,r,t,y, ,M,e,t,h,o,d,s,.,E,s,t,i,m,a,t,i,o,n,.,M,o,l,e,c,u,l,a,r, ,S,t,r,u,c,t,u,r,e,.,P,a,r,a,m,e,t,e,r,s,.,P,u,r,e, ,C,o,m,p,o,n,e,n,t,s,.,B,i,n,a,r,y, ,I,n,t,e,r,a,c,t,i,o,n,.,A,N,D,K,I,J,-,1, ,-, ,c,o,m,p, ,s,t,a,t,u,s, ,2,0,9,7,6,6,6
D,a,t,a,.,S,e,t,u,p,.,P,u,r,e, ,D,a,t,a,b,a,n,k,s,.,O,t,h,e,r, ,D,a,t,a,b,a,n,k,s,.,C,o,m,p,o,n,e,n,t,s,.,P,r,o,p,e,r,t,i,e,s,.,S,p,e,c,i,f,i,c,a,t,i,o,n,s,.,P,r,o,p,e,r,t,y, ,M,e,t,h,o,d,s,.,E,s,t,i,m,a,t,i,o,n,.,M,o,l,e,c,u,l,a,r, ,S,t,r,u,c,t,u,r,e,.,P,a,r,a,m,e,t,e,r,s,.,P,u,r,e, ,C,o,m,p,o,n,e,n,t,s,.,B,i,n,a,r,y, ,I,n,t,e,r,a,c,t,i,o,n,.,A,N,D,K,I,J,-,1,.,A,N,D,M,I,J,-,1, ,-, ,c,o,m,p, ,s,t,a,t,u,s, ,2,0,9,7,6,6,6
D,a,t,a,.,S,e,t,u,p,.,P,u,r,e, ,D,a,t,a,b,a,n,k,s,.,O,t,h,e,r, ,D,a,t,a,b,a,n,k,s,.,C,o,m,p,o,n,e,n,t,s,.,P,r,o,p,e,r,t,i,e,s,.,S,p,e,c,i,f,i,c,a,t,i,o,n,s,.,P,r,o,p,e,r,t,y, ,M,e,t,h,o,d,s,.,E,s,t,i,m,a,t,i,o,n,.,M,o,l,e,c,u,l,a,r, ,S,t,r,u,c,t,u,r,e,.,P,a,r,a,m,e,t,e,r,s,.,P,u,r,e, ,C,o,m,p,o,n,e,n,t,s,.,B,i,n,a,r,y, ,I,n,t,e,r,a,c,t,i,o,n,.,A,N,D,K,I,J,-,1,.,A,N,D,M,I,J,-,1,.,M,L,Q,K,I,J,-,1, ,-, ,c,o,m,p, ,s,t,a,t,u,s, ,2,0,9,7,6,6,6
D,a,t,a,.,S,e,t,u,p,.,P,u,r,e, ,D,a,t,a,b,a,n,k,s,.,O,t,h,e,r, ,D,a,t,a,b,a,n,k,s,.,C,o,m,p,o,n,e,n,t,s,.,P,r,o,p,e,r,t,i,e,s,.,S,p,e,c,i,f,i,c,a,t,i,o,n,s,.,P,r,o,p,e,r,t,y, ,M,e,t,h,o,d,s,.,E,s,t,i,m,a,t,i,o,n,.,M,o,l,e,c,u,l,a,r, ,S,t,r,u,c,t,u,r,e,.,P,a,r,a,m,e,t,e,r,s,.,P,u,r,e, ,C,o,m,p,o,n,e,n,t,s,.,B,i,n,a,r,y, ,I,n,t,e,r,a,c,t,i,o,n,.,A,N,D,K,I,J,-,1,.,A,N,D,M,I,J,-,1,.,M,L,Q,K,I,J,-,1,.,M,U,K,I,J,-,1, ,-, ,c,o,m,p, ,s,t,a,t,u,s, ,2,0,9,7,6,6,6
D,a,t,a,.,S,e,t,u,p,.,P,u,r,e, ,D,a,t,a,b,a,n,k,s,.,O,t,h,e,r, ,D,a,t,a,b,a,n,k,s,.,C,o,m,p,o,n,e,n,t,s,.,P,r,o,p,e,r,t,i,e,s,.,S,p,e,c,i,f,i,c,a,t,i,o,n,s,.,P,r,o,p,e,r,t,y, ,M,e,t,h,o,d,s,.,E,s,t,i,m,a,t,i,o,n,.,M,o,l,e,c,u,l,a,r, ,S,t,r,u,c,t,u,r,e,.,P,a,r,a,m,e,t,e,r,s,.,P,u,r,e, ,C,o,m,p,o,n,e,n,t,s,.,B,i,n,a,r,y, ,I,n,t,e,r,a,c,t,i,o,n,.,A,N,D,K,I,J,-,1,.,A,N,D,M,I,J,-,1,.,M,L,Q,K,I,J,-,1,.,M,U,K,I,J,-,1,.,M,U,L,I,J,-,1, ,-, ,c,o,m,p, ,s,t,a,t,u,s, ,2,0,9,7,6,6,6
D,a,t,a,.,S,e,t,u,p,.,P,u,r,e, ,D,a,t,a,b,a,n,k,s,.,O,t,h,e,r, ,D,a,t,a,b,a,n,k,s,.,C,o,m,p,o,n,e,n,t,s,.,P,r,o,p,e,r,t,i,e,s,.,S,p,e,c,i,f,i,c,a,t,i,o,n,s,.,P,r,o,p,e,r,t,y, ,M,e,t,h,o,d,s,.,E,s,t,i,m,a,t,i,o,n,.,M,o,l,e,c,u,l,a,r, ,S,t,r,u,c,t,u,r,e,.,P,a,r,a,m,e,t,e,r,s,.,P,u,r,e, ,C,o,m,p,o,n,e,n,t,s,.,B,i,n,a,r,y, ,I,n,t,e,r,a,c,t,i,o,n,.,A,N,D,K,I,J,-,1,.,A,N,D,M,I,J,-,1,.,M,L,Q,K,I,J,-,1,.,M,U,K,I,J,-,1,.,M,U,L,I,J,-,1,.,R,K,T,K,I,J,-,1, ,-, ,c,o,m,p, ,s,t,a,t,u,s, ,2,0,9,7,6,6,6
D,a,t,a,.,S,e,t,u,p,.,P,u,r,e, ,D,a,t,a,b,a,n,k,s,.,O,t,h,e,r, ,D,a,t,a,b,a,n,k,s,.,C,o,m,p,o,n,e,n,t,s,.,P,r,o,p,e,r,t,i,e,s,.,S,p,e,c,i,f,i,c,a,t,i,o,n,s,.,P,r,o,p,e,r,t,y, ,M,e,t,h,o,d,s,.,E,s,t,i,m,a,t,i,o,n,.,M,o,l,e,c,u,l,a,r, ,S,t,r,u,c,t,u,r,e,.,P,a,r,a,m,e,t,e,r,s,.,P,u,r,e, ,C,o,m,p,o,n,e,n,t,s,.,B,i,n,a,r,y, ,I,n,t,e,r,a,c,t,i,o,n,.,E,l,e,c,t,r,o,l,y,t,e, ,P,a,i,r, ,-, ,c,o,m,p, ,s,t,a,t,u,s, ,2,0,9,7,6,6,6
D,a,t,a,.,S,e,t,u,p,.,P,u,r,e, ,D,a,t,a,b,a,n,k,s,.,O,t,h,e,r, ,D,a,t,a,b,a,n,k,s,.,C,o,m,p,o,n,e,n,t,s,.,P,r,o,p,e,r,t,i,e,s,.,S,p,e,c,i,f,i,c,a,t,i,o,n,s,.,P,r,o,p,e,r,t,y, ,M,e,t,h,o,d,s,.,E,s,t,i,m,a,t,i,o,n,.,M,o,l,e,c,u,l,a,r, ,S,t,r,u,c,t,u,r,e,.,P,a,r,a,m,e,t,e,r,s,.,P,u,r,e, ,C,o,m,p,o,n,e,n,t,s,.,B,i,n,a,r,y, ,I,n,t,e,r,a,c,t,i,o,n,.,E,l,e,c,t,r,o,l,y,t,e, ,P,a,i,r,.,E,l,e,c,t,r,o,l,y,t,e, ,T,e,r,n,a,r,y, ,-, ,c,o,m,p, ,s,t,a,t,u,s, ,2,0,9,7,6,6,6
D,a,t,a,.,S,e,t,u,p,.,P,u,r,e, ,D,a,t,a,b,a,n,k,s,.,O,t,h,e,r, ,D,a,t,a,b,a,n,k,s,.,C,o,m,p,o,n,e,n,t,s,.,P,r,o,p,e,r,t,i,e,s,.,S,p,e,c,i,f,i,c,a,t,i,o,n,s,.,P,r,o,p,e,r,t,y, ,M,e,t,h,o,d,s,.,E,s,t,i,m,a,t,i,o,n,.,M,o,l,e,c,u,l,a,r, ,S,t,r,u,c,t,u,r,e,.,P,a,r,a,m,e,t,e,r,s,.,P,u,r,e, ,C,o,m,p,o,n,e,n,t,s,.,B,i,n,a,r,y, ,I,n,t,e,r,a,c,t,i,o,n,.,E,l,e,c,t,r,o,l,y,t,e, ,P,a,i,r,.,E,l,e,c,t,r,o,l,y,t,e, ,T,e,r,n,a,r,y,.,U,N,I,F,A,C, ,G,r,o,u,p,s, ,-, ,c,o,m,p, ,s,t,a,t,u,s, ,2,0,9,7,6,6,6
D,a,t,a,.,S,e,t,u,p,.,P,u,r,e, ,D,a,t,a,b,a,n,k,s,.,O,t,h,e,r, ,D,a,t,a,b,a,n,k,s,.,C,o,m,p,o,n,e,n,t,s,.,P,r,o,p,e,r,t,i,e,s,.,S,p,e,c,i,f,i,c,a,t,i,o,n,s,.,P,r,o,p,e,r,t,y, ,M,e,t,h,o,d,s,.,E,s,t,i,m,a,t,i,o,n,.,M,o,l,e,c,u,l,a,r, ,S,t,r,u,c,t,u,r,e,.,P,a,r,a,m,e,t,e,r,s,.,P,u,r,e, ,C,o,m,p,o,n,e,n,t,s,.,B,i,n,a,r,y, ,I,n,t,e,r,a,c,t,i,o,n,.,E,l,e,c,t,r,o,l,y,t,e, ,P,a,i,r,.,E,l,e,c,t,r,o,l,y,t,e, ,T,e,r,n,a,r,y,.,U,N,I,F,A,C, ,G,r,o,u,p,s,.,U,N,I,F,A,C, ,G,r,o,u,p,s, ,B,i,n,a,r,y, ,-, ,c,o,m,p, ,s,t,a,t,u,s, ,2,0,9,7,6,6,6
D,a,t,a,.,S,e,t,u,p,.,P,u,r,e, ,D,a,t,a,b,a,n,k,s,.,O,t,h,e,r, ,D,a,t,a,b,a,n,k,s,.,C,o,m,p,o,n,e,n,t,s,.,P,r,o,p,e,r,t,i,e,s,.,S,p,e,c,i,f,i,c,a,t,i,o,n,s,.,P,r,o,p,e,r,t,y, ,M,e,t,h,o,d,s,.,E,s,t,i,m,a,t,i,o,n,.,M,o,l,e,c,u,l,a,r, ,S,t,r,u,c,t,u,r,e,.,P,a,r,a,m,e,t,e,r,s,.,P,u,r,e, ,C,o,m,p,o,n,e,n,t,s,.,B,i,n,a,r,y, ,I,n,t,e,r,a,c,t,i,o,n,.,E,l,e,c,t,r,o,l,y,t,e, ,P,a,i,r,.,E,l,e,c,t,r,o,l,y,t,e, ,T,e,r,n,a,r,y,.,U,N,I,F,A,C, ,G,r,o,u,p,s,.,U,N,I,F,A,C, ,G,r,o,u,p,s, ,B,i,n,a,r,y,.,R,e,s,u,l,t,s, ,-, ,c,o,m,p, ,s,t,a,t,u,s, ,2,0,9,7,2,8,2
D,a,t,a,.,S,e,t,u,p,.,P,u,r,e, ,D,a,t,a,b,a,n,k,s,.,O,t,h,e,r, ,D,a,t,a,b,a,n,k,s,.,C,o,m,p,o,n,e,n,t,s,.,P,r,o,p,e,r,t,i,e,s,.,S,p,e,c,i,f,i,c,a,t,i,o,n,s,.,P,r,o,p,e,r,t,y, ,M,e,t,h,o,d,s,.,E,s,t,i,m,a,t,i,o,n,.,M,o,l,e,c,u,l,a,r, ,S,t,r,u,c,t,u,r,e,.,P,a,r,a,m,e,t,e,r,s,.,D,a,t,a, ,-, ,c,o,m,p, ,s,t,a,t,u,s, ,2,0,9,7,6,6,6
D,a,t,a,.,S,e,t,u,p,.,P,u,r,e, ,D,a,t,a,b,a,n,k,s,.,O,t,h,e,r, ,D,a,t,a,b,a,n,k,s,.,C,o,m,p,o,n,e,n,t,s,.,P,r,o,p,e,r,t,i,e,s,.,S,p,e,c,i,f,i,c,a,t,i,o,n,s,.,P,r,o,p,e,r,t,y, ,M,e,t,h,o,d,s,.,E,s,t,i,m,a,t,i,o,n,.,M,o,l,e,c,u,l,a,r, ,S,t,r,u,c,t,u,r,e,.,P,a,r,a,m,e,t,e,r,s,.,D,a,t,a,.,A,n,a,l,y,s,i,s, ,-, ,c,o,m,p, ,s,t,a,t,u,s, ,2,0,9,7,6,6,6
D,a,t,a,.,S,e,t,u,p,.,P,u,r,e, ,D,a,t,a,b,a,n,k,s,.,O,t,h,e,r, ,D,a,t,a,b,a,n,k,s,.,C,o,m,p,o,n,e,n,t,s,.,P,r,o,p,e,r,t,i,e,s,.,S,p,e,c,i,f,i,c,a,t,i,o,n,s,.,P,r,o,p,e,r,t,y, ,M,e,t,h,o,d,s,.,E,s,t,i,m,a,t,i,o,n,.,M,o,l,e,c,u,l,a,r, ,S,t,r,u,c,t,u,r,e,.,P,a,r,a,m,e,t,e,r,s,.,D,a,t,a,.,A,n,a,l,y,s,i,s,.,P,r,o,p,-,S,e,t,s, ,-, ,c,o,m,p, ,s,t,a,t,u,s, ,2,0,9,7,6,6,6
D,a,t,a,.,S,e,t,u,p,.,P,u,r,e, ,D,a,t,a,b,a,n,k,s,.,O,t,h,e,r, ,D,a,t,a,b,a,n,k,s,.,C,o,m,p,o,n,e,n,t,s,.,P,r,o,p,e,r,t,i,e,s,.,S,p,e,c,i,f,i,c,a,t,i,o,n,s,.,P,r,o,p,e,r,t,y, ,M,e,t,h,o,d,s,.,E,s,t,i,m,a,t,i,o,n,.,M,o,l,e,c,u,l,a,r, ,S,t,r,u,c,t,u,r,e,.,P,a,r,a,m,e,t,e,r,s,.,D,a,t,a,.,A,n,a,l,y,s,i,s,.,P,r,o,p,-,S,e,t,s,.,A,d,v,a,n,c,e,d, ,-, ,c,o,m,p, ,s,t,a,t,u,s, ,2,0,9,7,6,6,6
D,a,t,a,.,S,e,t,u,p,.,P,u,r,e, ,D,a,t,a,b,a,n,k,s,.,O,t,h,e,r, ,D,a,t,a,b,a,n,k,s,.,C,o,m,p,o,n,e,n,t,s,.,P,r,o,p,e,r,t,i,e,s,.,S,p,e,c,i,f,i,c,a,t,i,o,n,s,.,P,r,o,p,e,r,t,y, ,M,e,t,h,o,d,s,.,E,s,t,i,m,a,t,i,o,n,.,M,o,l,e,c,u,l,a,r, ,S,t,r,u,c,t,u,r,e,.,P,a,r,a,m,e,t,e,r,s,.,D,a,t,a,.,A,n,a,l,y,s,i,s,.,P,r,o,p,-,S,e,t,s,.,A,d,v,a,n,c,e,d,.,R,o,u,t,e, ,-, ,c,o,m,p, ,s,t,a,t,u,s, ,2,0,9,7,6,6,6
D,a,t,a,.,S,e,t,u,p,.,P,u,r,e, ,D,a,t,a,b,a,n,k,s,.,O,t,h,e,r, ,D,a,t,a,b,a,n,k,s,.,C,o,m,p,o,n,e,n,t,s,.,P,r,o,p,e,r,t,i,e,s,.,S,p,e,c,i,f,i,c,a,t,i,o,n,s,.,P,r,o,p,e,r,t,y, ,M,e,t,h,o,d,s,.,E,s,t,i,m,a,t,i,o,n,.,M,o,l,e,c,u,l,a,r, ,S,t,r,u,c,t,u,r,e,.,P,a,r,a,m,e,t,e,r,s,.,D,a,t,a,.,A,n,a,l,y,s,i,s,.,P,r,o,p,-,S,e,t,s,.,A,d,v,a,n,c,e,d,.,R,o,u,t,e,.,U,s,e,r,-,P,a,r,a,m,e,t,e,r,s, ,-, ,c,o,m,p, ,s,t,a,t,u,s, ,2,0,9,7,2,8,2
D,a,t,a,.,S,e,t,u,p,.,P,u,r,e, ,D,a,t,a,b,a,n,k,s,.,O,t,h,e,r, ,D,a,t,a,b,a,n,k,s,.,C,o,m,p,o,n,e,n,t,s,.,P,r,o,p,e,r,t,i,e,s,.,S,p,e,c,i,f,i,c,a,t,i,o,n,s,.,P,r,o,p,e,r,t,y, ,M,e,t,h,o,d,s,.,E,s,t,i,m,a,t,i,o,n,.,M,o,l,e,c,u,l,a,r, ,S,t,r,u,c,t,u,r,e,.,P,a,r,a,m,e,t,e,r,s,.,D,a,t,a,.,A,n,a,l,y,s,i,s,.,P,r,o,p,-,S,e,t,s,.,A,d,v,a,n,c,e,d,.,R,o,u,t,e,.,U,s,e,r,-,P,a,r,a,m,e,t,e,r,s,.,N,C,-,P,r,o,p,s, ,-, ,c,o,m,p, ,s,t,a,t,u,s, ,2,0,9,7,2,8,2
D,a,t,a,.,S,e,t,u,p,.,P,u,r,e, ,D,a,t,a,b,a,n,k,s,.,O,t,h,e,r, ,D,a,t,a,b,a,n,k,s,.,C,o,m,p,o,n,e,n,t,s,.,P,r,o,p,e,r,t,i,e,s,.,S,p,e,c,i,f,i,c,a,t,i,o,n,s,.,P,r,o,p,e,r,t,y, ,M,e,t,h,o,d,s,.,E,s,t,i,m,a,t,i,o,n,.,M,o,l,e,c,u,l,a,r, ,S,t,r,u,c,t,u,r,e,.,P,a,r,a,m,e,t,e,r,s,.,D,a,t,a,.,A,n,a,l,y,s,i,s,.,P,r,o,p,-,S,e,t,s,.,A,d,v,a,n,c,e,d,.,R,o,u,t,e,.,U,s,e,r,-,P,a,r,a,m,e,t,e,r,s,.,N,C,-,P,r,o,p,s,.,T,a,b,p,o,l,y, ,-, ,c,o,m,p, ,s,t,a,t,u,s, ,2,0,9,7,6,6,6
D,a,t,a,.,S,e,t,u,p,.,P,u,r,e, ,D,a,t,a,b,a,n,k,s,.,O,t,h,e,r, ,D,a,t,a,b,a,n,k,s,.,C,o,m,p,o,n,e,n,t,s,.,P,r,o,p,e,r,t,i,e,s,.,S,p,e,c,i,f,i,c,a,t,i,o,n,s,.,P,r,o,p,e,r,t,y, ,M,e,t,h,o,d,s,.,E,s,t,i,m,a,t,i,o,n,.,M,o,l,e,c,u,l,a,r, ,S,t,r,u,c,t,u,r,e,.,P,a,r,a,m,e,t,e,r,s,.,D,a,t,a,.,A,n,a,l,y,s,i,s,.,P,r,o,p,-,S,e,t,s,.,A,d,v,a,n,c,e,d,.,R,o,u,t,e,.,U,s,e,r,-,P,a,r,a,m,e,t,e,r,s,.,N,C,-,P,r,o,p,s,.,T,a,b,p,o,l,y,.,U,s,e,r,-,P,r,o,p,e,r,t,y, ,-, ,c,o,m,p, ,s,t,a,t,u,s, ,2,0,9,7,6,6,6
D,a,t,a,.,S,e,t,u,p,.,P,u,r,e, ,D,a,t,a,b,a,n,k,s,.,O,t,h,e,r, ,D,a,t,a,b,a,n,k,s,.,C,o,m,p,o,n,e,n,t,s,.,P,r,o,p,e,r,t,i,e,s,.,S,p,e,c,i,f,i,c,a,t,i,o,n,s,.,P,r,o,p,e,r,t,y, ,M,e,t,h,o,d,s,.,E,s,t,i,m,a,t,i,o,n,.,M,o,l,e,c,u,l,a,r, ,S,t,r,u,c,t,u,r,e,.,P,a,r,a,m,e,t,e,r,s,.,D,a,t,a,.,A,n,a,l,y,s,i,s,.,P,r,o,p,-,S,e,t,s,.,A,d,v,a,n,c,e,d,.,C,O,-,P,a,c,k,a,g,e, ,-, ,c,o,m,p, ,s,t,a,t,u,s, ,2,0,9,7,6,6,6
D,a,t,a,.,S,e,t,u,p,.,P,u,r,e, ,D,a,t,a,b,a,n,k,s,.,O,t,h,e,r, ,D,a,t,a,b,a,n,k,s,.,C,o,m,p,o,n,e,n,t,s,.,P,r,o,p,e,r,t,i,e,s,.,F,l,o,w,s,h,e,e,t, ,-, ,c,o,m,p, ,s,t,a,t,u,s, ,2,0,9,7,2,1,8
D,a,t,a,.,S,e,t,u,p,.,P,u,r,e, ,D,a,t,a,b,a,n,k,s,.,O,t,h,e,r, ,D,a,t,a,b,a,n,k,s,.,C,o,m,p,o,n,e,n,t,s,.,P,r,o,p,e,r,t,i,e,s,.,F,l,o,w,s,h,e,e,t,.,S,e,c,t,i,o,n, ,-, ,c,o,m,p, ,s,t,a,t,u,s, ,2,0,9,7,2,1,8
D,a,t,a,.,S,e,t,u,p,.,P,u,r,e, ,D,a,t,a,b,a,n,k,s,.,O,t,h,e,r, ,D,a,t,a,b,a,n,k,s,.,C,o,m,p,o,n,e,n,t,s,.,P,r,o,p,e,r,t,i,e,s,.,F,l,o,w,s,h,e,e,t,.,S,e,c,t,i,o,n,.,G,L,O,B,A,L, ,-, ,c,o,m,p, ,s,t,a,t,u,s, ,2,0,9,7,2,1,8
D,a,t,a,.,S,e,t,u,p,.,P,u,r,e, ,D,a,t,a,b,a,n,k,s,.,O,t,h,e,r, ,D,a,t,a,b,a,n,k,s,.,C,o,m,p,o,n,e,n,t,s,.,P,r,o,p,e,r,t,i,e,s,.,F,l,o,w,s,h,e,e,t,.,S,e,c,t,i,o,n,.,D,e,f,-,S,t,r,e,a,m,s, ,-, ,c,o,m,p, ,s,t,a,t,u,s, ,2,0,9,7,2,8,2
D,a,t,a,.,S,e,t,u,p,.,P,u,r,e, ,D,a,t,a,b,a,n,k,s,.,O,t,h,e,r, ,D,a,t,a,b,a,n,k,s,.,C,o,m,p,o,n,e,n,t,s,.,P,r,o,p,e,r,t,i,e,s,.,F,l,o,w,s,h,e,e,t,.,S,e,c,t,i,o,n,.,D,e,f,-,S,t,r,e,a,m,s,.,C,u,s,t,o,m, ,F,o,r,m,s, ,-, ,c,o,m,p, ,s,t,a,t,u,s, ,2,0,9,7,6,6,6
D,a,t,a,.,S,e,t,u,p,.,P,u,r,e, ,D,a,t,a,b,a,n,k,s,.,O,t,h,e,r, ,D,a,t,a,b,a,n,k,s,.,C,o,m,p,o,n,e,n,t,s,.,P,r,o,p,e,r,t,i,e,s,.,F,l,o,w,s,h,e,e,t,.,S,e,c,t,i,o,n,.,D,e,f,-,S,t,r,e,a,m,s,.,C,u,s,t,o,m, ,F,o,r,m,s,.,B,a,t,c,h, ,P,r,o,c,e,s,s, ,P,l,o,t,s, ,-, ,c,o,m,p, ,s,t,a,t,u,s, ,2,0,9,7,6,6,6
D,a,t,a,.,S,e,t,u,p,.,P,u,r,e, ,D,a,t,a,b,a,n,k,s,.,O,t,h,e,r, ,D,a,t,a,b,a,n,k,s,.,C,o,m,p,o,n,e,n,t,s,.,P,r,o,p,e,r,t,i,e,s,.,F,l,o,w,s,h,e,e,t,.,S,t,r,e,a,m,s, ,-, ,c,o,m,p, ,s,t,a,t,u,s, ,2,0,9,7,6,6,6
D,a,t,a,.,S,e,t,u,p,.,P,u,r,e, ,D,a,t,a,b,a,n,k,s,.,O,t,h,e,r, ,D,a,t,a,b,a,n,k,s,.,C,o,m,p,o,n,e,n,t,s,.,P,r,o,p,e,r,t,i,e,s,.,F,l,o,w,s,h,e,e,t,.,S,t,r,e,a,m,s,.,B,l,o,c,k,s, ,-, ,c,o,m,p, ,s,t,a,t,u,s, ,2,0,9,7,6,6,6
D,a,t,a,.,S,e,t,u,p,.,P,u,r,e, ,D,a,t,a,b,a,n,k,s,.,O,t,h,e,r, ,D,a,t,a,b,a,n,k,s,.,C,o,m,p,o,n,e,n,t,s,.,P,r,o,p,e,r,t,i,e,s,.,F,l,o,w,s,h,e,e,t,.,S,t,r,e,a,m,s,.,B,l,o,c,k,s,.,S,e,n,s,o,r,s, ,-, ,c,o,m,p, ,s,t,a,t,u,s, ,2,0,9,7,6,6,6
D,a,t,a,.,S,e,t,u,p,.,P,u,r,e, ,D,a,t,a,b,a,n,k,s,.,O,t,h,e,r, ,D,a,t,a,b,a,n,k,s,.,C,o,m,p,o,n,e,n,t,s,.,P,r,o,p,e,r,t,i,e,s,.,F,l,o,w,s,h,e,e,t,.,S,t,r,e,a,m,s,.,B,l,o,c,k,s,.,S,e,n,s,o,r,s,.,C,o,n,t,r,o,l,l,e,r,s, ,-, ,c,o,m,p, ,s,t,a,t,u,s, ,2,0,9,7,6,6,6
D,a,t,a,.,S,e,t,u,p,.,P,u,r,e, ,D,a,t,a,b,a,n,k,s,.,O,t,h,e,r, ,D,a,t,a,b,a,n,k,s,.,C,o,m,p,o,n,e,n,t,s,.,P,r,o,p,e,r,t,i,e,s,.,F,l,o,w,s,h,e,e,t,.,S,t,r,e,a,m,s,.,B,l,o,c,k,s,.,S,e,n,s,o,r,s,.,C,o,n,t,r,o,l,l,e,r,s,.,U,n,i,t, ,P,r,o,c,e,d,u,r,e,s, ,-, ,c,o,m,p, ,s,t,a,t,u,s, ,2,0,9,7,6,6,6
D,a,t,a,.,S,e,t,u,p,.,P,u,r,e, ,D,a,t,a,b,a,n,k,s,.,O,t,h,e,r, ,D,a,t,a,b,a,n,k,s,.,C,o,m,p,o,n,e,n,t,s,.,P,r,o,p,e,r,t,i,e,s,.,F,l,o,w,s,h,e,e,t,.,S,t,r,e,a,m,s,.,B,l,o,c,k,s,.,S,e,n,s,o,r,s,.,C,o,n,t,r,o,l,l,e,r,s,.,U,n,i,t, ,P,r,o,c,e,d,u,r,e,s,.,U,t,i,l,i,t,i,e,s, ,-, ,c,o,m,p, ,s,t,a,t,u,s, ,2,0,9,7,6,6,6
D,a,t,a,.,S,e,t,u,p,.,P,u,r,e, ,D,a,t,a,b,a,n,k,s,.,O,t,h,e,r, ,D,a,t,a,b,a,n,k,s,.,C,o,m,p,o,n,e,n,t,s,.,P,r,o,p,e,r,t,i,e,s,.,F,l,o,w,s,h,e,e,t,.,S,t,r,e,a,m,s,.,B,l,o,c,k,s,.,S,e,n,s,o,r,s,.,C,o,n,t,r,o,l,l,e,r,s,.,U,n,i,t, ,P,r,o,c,e,d,u,r,e,s,.,U,t,i,l,i,t,i,e,s,.,R,e,a,c,t,i,o,n,s, ,-, ,c,o,m,p, ,s,t,a,t,u,s, ,2,0,9,7,6,6,6
D,a,t,a,.,S,e,t,u,p,.,P,u,r,e, ,D,a,t,a,b,a,n,k,s,.,O,t,h,e,r, ,D,a,t,a,b,a,n,k,s,.,C,o,m,p,o,n,e,n,t,s,.,P,r,o,p,e,r,t,i,e,s,.,F,l,o,w,s,h,e,e,t,.,S,t,r,e,a,m,s,.,B,l,o,c,k,s,.,S,e,n,s,o,r,s,.,C,o,n,t,r,o,l,l,e,r,s,.,U,n,i,t, ,P,r,o,c,e,d,u,r,e,s,.,U,t,i,l,i,t,i,e,s,.,R,e,a,c,t,i,o,n,s,.,C,h,e,m,i,s,t,r,y, ,-, ,c,o,m,p, ,s,t,a,t,u,s, ,2,0,9,7,6,6,6
D,a,t,a,.,S,e,t,u,p,.,P,u,r,e, ,D,a,t,a,b,a,n,k,s,.,O,t,h,e,r, ,D,a,t,a,b,a,n,k,s,.,C,o,m,p,o,n,e,n,t,s,.,P,r,o,p,e,r,t,i,e,s,.,F,l,o,w,s,h,e,e,t,.,S,t,r,e,a,m,s,.,B,l,o,c,k,s,.,S,e,n,s,o,r,s,.,C,o,n,t,r,o,l,l,e,r,s,.,U,n,i,t, ,P,r,o,c,e,d,u,r,e,s,.,U,t,i,l,i,t,i,e,s,.,R,e,a,c,t,i,o,n,s,.,C,h,e,m,i,s,t,r,y,.,R,e,a,c,t,i,o,n,s, ,-, ,c,o,m,p, ,s,t,a,t,u,s, ,2,0,9,7,6,6,6
D,a,t,a,.,S,e,t,u,p,.,P,u,r,e, ,D,a,t,a,b,a,n,k,s,.,O,t,h,e,r, ,D,a,t,a,b,a,n,k,s,.,C,o,m,p,o,n,e,n,t,s,.,P,r,o,p,e,r,t,i,e,s,.,F,l,o,w,s,h,e,e,t,.,S,t,r,e,a,m,s,.,B,l,o,c,k,s,.,S,e,n,s,o,r,s,.,C,o,n,t,r,o,l,l,e,r,s,.,U,n,i,t, ,P,r,o,c,e,d,u,r,e,s,.,U,t,i,l,i,t,i,e,s,.,R,e,a,c,t,i,o,n,s,.,C,o,n,v,e,r,g,e,n,c,e, ,-, ,c,o,m,p, ,s,t,a,t,u,s, ,2,0,9,7,2,8,2
D,a,t,a,.,S,e,t,u,p,.,P,u,r,e, ,D,a,t,a,b,a,n,k,s,.,O,t,h,e,r, ,D,a,t,a,b,a,n,k,s,.,C,o,m,p,o,n,e,n,t,s,.,P,r,o,p,e,r,t,i,e,s,.,F,l,o,w,s,h,e,e,t,.,S,t,r,e,a,m,s,.,B,l,o,c,k,s,.,S,e,n,s,o,r,s,.,C,o,n,t,r,o,l,l,e,r,s,.,U,n,i,t, ,P,r,o,c,e,d,u,r,e,s,.,U,t,i,l,i,t,i,e,s,.,R,e,a,c,t,i,o,n,s,.,C,o,n,v,e,r,g,e,n,c,e,.,C,o,n,v,-,O,p,t,i,o,n,s, ,-, ,c,o,m,p, ,s,t,a,t,u,s, ,2,0,9,7,2,8,2
D,a,t,a,.,S,e,t,u,p,.,P,u,r,e, ,D,a,t,a,b,a,n,k,s,.,O,t,h,e,r, ,D,a,t,a,b,a,n,k,s,.,C,o,m,p,o,n,e,n,t,s,.,P,r,o,p,e,r,t,i,e,s,.,F,l,o,w,s,h,e,e,t,.,S,t,r,e,a,m,s,.,B,l,o,c,k,s,.,S,e,n,s,o,r,s,.,C,o,n,t,r,o,l,l,e,r,s,.,U,n,i,t, ,P,r,o,c,e,d,u,r,e,s,.,U,t,i,l,i,t,i,e,s,.,R,e,a,c,t,i,o,n,s,.,C,o,n,v,e,r,g,e,n,c,e,.,C,o,n,v,-,O,p,t,i,o,n,s,.,E,O,-,C,o,n,v,-,O,p,t,i,o,n,s, ,-, ,c,o,m,p, ,s,t,a,t,u,s, ,2,1,0,5,4,7,4
D,a,t,a,.,S,e,t,u,p,.,P,u,r,e, ,D,a,t,a,b,a,n,k,s,.,O,t,h,e,r, ,D,a,t,a,b,a,n,k,s,.,C,o,m,p,o,n,e,n,t,s,.,P,r,o,p,e,r,t,i,e,s,.,F,l,o,w,s,h,e,e,t,.,S,t,r,e,a,m,s,.,B,l,o,c,k,s,.,S,e,n,s,o,r,s,.,C,o,n,t,r,o,l,l,e,r,s,.,U,n,i,t, ,P,r,o,c,e,d,u,r,e,s,.,U,t,i,l,i,t,i,e,s,.,R,e,a,c,t,i,o,n,s,.,C,o,n,v,e,r,g,e,n,c,e,.,C,o,n,v,-,O,p,t,i,o,n,s,.,E,O,-,C,o,n,v,-,O,p,t,i,o,n,s,.,T,e,a,r, ,-, ,c,o,m,p, ,s,t,a,t,u,s, ,2,0,9,7,2,8,2
D,a,t,a,.,S,e,t,u,p,.,P,u,r,e, ,D,a,t,a,b,a,n,k,s,.,O,t,h,e,r, ,D,a,t,a,b,a,n,k,s,.,C,o,m,p,o,n,e,n,t,s,.,P,r,o,p,e,r,t,i,e,s,.,F,l,o,w,s,h,e,e,t,.,S,t,r,e,a,m,s,.,B,l,o,c,k,s,.,S,e,n,s,o,r,s,.,C,o,n,t,r,o,l,l,e,r,s,.,U,n,i,t, ,P,r,o,c,e,d,u,r,e,s,.,U,t,i,l,i,t,i,e,s,.,R,e,a,c,t,i,o,n,s,.,C,o,n,v,e,r,g,e,n,c,e,.,C,o,n,v,-,O,p,t,i,o,n,s,.,E,O,-,C,o,n,v,-,O,p,t,i,o,n,s,.,T,e,a,r,.,C,o,n,v,e,r,g,e,n,c,e, ,-, ,c,o,m,p, ,s,t,a,t,u,s, ,2,0,9,7,6,6,6
D,a,t,a,.,S,e,t,u,p,.,P,u,r,e, ,D,a,t,a,b,a,n,k,s,.,O,t,h,e,r, ,D,a,t,a,b,a,n,k,s,.,C,o,m,p,o,n,e,n,t,s,.,P,r,o,p,e,r,t,i,e,s,.,F,l,o,w,s,h,e,e,t,.,S,t,r,e,a,m,s,.,B,l,o,c,k,s,.,S,e,n,s,o,r,s,.,C,o,n,t,r,o,l,l,e,r,s,.,U,n,i,t, ,P,r,o,c,e,d,u,r,e,s,.,U,t,i,l,i,t,i,e,s,.,R,e,a,c,t,i,o,n,s,.,C,o,n,v,e,r,g,e,n,c,e,.,C,o,n,v,-,O,p,t,i,o,n,s,.,E,O,-,C,o,n,v,-,O,p,t,i,o,n,s,.,T,e,a,r,.,C,o,n,v,e,r,g,e,n,c,e,.,C,o,n,v,-,O,r,d,e,r, ,-, ,c,o,m,p, ,s,t,a,t,u,s, ,2,0,9,7,2,8,2
D,a,t,a,.,S,e,t,u,p,.,P,u,r,e, ,D,a,t,a,b,a,n,k,s,.,O,t,h,e,r, ,D,a,t,a,b,a,n,k,s,.,C,o,m,p,o,n,e,n,t,s,.,P,r,o,p,e,r,t,i,e,s,.,F,l,o,w,s,h,e,e,t,.,S,t,r,e,a,m,s,.,B,l,o,c,k,s,.,S,e,n,s,o,r,s,.,C,o,n,t,r,o,l,l,e,r,s,.,U,n,i,t, ,P,r,o,c,e,d,u,r,e,s,.,U,t,i,l,i,t,i,e,s,.,R,e,a,c,t,i,o,n,s,.,C,o,n,v,e,r,g,e,n,c,e,.,C,o,n,v,-,O,p,t,i,o,n,s,.,E,O,-,C,o,n,v,-,O,p,t,i,o,n,s,.,T,e,a,r,.,C,o,n,v,e,r,g,e,n,c,e,.,C,o,n,v,-,O,r,d,e,r,.,S,e,q,u,e,n,c,e, ,-, ,c,o,m,p, ,s,t,a,t,u,s, ,2,0,9,7,6,6,6
D,a,t,a,.,S,e,t,u,p,.,P,u,r,e, ,D,a,t,a,b,a,n,k,s,.,O,t,h,e,r, ,D,a,t,a,b,a,n,k,s,.,C,o,m,p,o,n,e,n,t,s,.,P,r,o,p,e,r,t,i,e,s,.,F,l,o,w,s,h,e,e,t,.,S,t,r,e,a,m,s,.,B,l,o,c,k,s,.,S,e,n,s,o,r,s,.,C,o,n,t,r,o,l,l,e,r,s,.,U,n,i,t, ,P,r,o,c,e,d,u,r,e,s,.,U,t,i,l,i,t,i,e,s,.,R,e,a,c,t,i,o,n,s,.,C,o,n,v,e,r,g,e,n,c,e,.,C,o,n,v,-,O,p,t,i,o,n,s,.,E,O,-,C,o,n,v,-,O,p,t,i,o,n,s,.,T,e,a,r,.,C,o,n,v,e,r,g,e,n,c,e,.,C,o,n,v,-,O,r,d,e,r,.,S,e,q,u,e,n,c,e,.,B,a,t,c,h,-,O,p,t,i,o,n,s, ,-, ,c,o,m,p, ,s,t,a,t,u,s, ,2,0,9,7,2,8,2
D,a,t,a,.,S,e,t,u,p,.,P,u,r,e, ,D,a,t,a,b,a,n,k,s,.,O,t,h,e,r, ,D,a,t,a,b,a,n,k,s,.,C,o,m,p,o,n,e,n,t,s,.,P,r,o,p,e,r,t,i,e,s,.,F,l,o,w,s,h,e,e,t,.,S,t,r,e,a,m,s,.,B,l,o,c,k,s,.,S,e,n,s,o,r,s,.,C,o,n,t,r,o,l,l,e,r,s,.,U,n,i,t, ,P,r,o,c,e,d,u,r,e,s,.,U,t,i,l,i,t,i,e,s,.,R,e,a,c,t,i,o,n,s,.,C,o,n,v,e,r,g,e,n,c,e,.,C,o,s,t,i,n,g, ,-, ,c,o,m,p, ,s,t,a,t,u,s, ,2,0,9,7,6,6,6
D,a,t,a,.,S,e,t,u,p,.,P,u,r,e, ,D,a,t,a,b,a,n,k,s,.,O,t,h,e,r, ,D,a,t,a,b,a,n,k,s,.,C,o,m,p,o,n,e,n,t,s,.,P,r,o,p,e,r,t,i,e,s,.,F,l,o,w,s,h,e,e,t,.,S,t,r,e,a,m,s,.,B,l,o,c,k,s,.,S,e,n,s,o,r,s,.,C,o,n,t,r,o,l,l,e,r,s,.,U,n,i,t, ,P,r,o,c,e,d,u,r,e,s,.,U,t,i,l,i,t,i,e,s,.,R,e,a,c,t,i,o,n,s,.,C,o,n,v,e,r,g,e,n,c,e,.,C,o,s,t,i,n,g,.,E,q,u,i,p,m,e,n,t, ,-, ,c,o,m,p, ,s,t,a,t,u,s, ,2,0,9,7,6,6,6
D,a,t,a,.,S,e,t,u,p,.,P,u,r,e, ,D,a,t,a,b,a,n,k,s,.,O,t,h,e,r, ,D,a,t,a,b,a,n,k,s,.,C,o,m,p,o,n,e,n,t,s,.,P,r,o,p,e,r,t,i,e,s,.,F,l,o,w,s,h,e,e,t,.,S,t,r,e,a,m,s,.,B,l,o,c,k,s,.,S,e,n,s,o,r,s,.,C,o,n,t,r,o,l,l,e,r,s,.,U,n,i,t, ,P,r,o,c,e,d,u,r,e,s,.,U,t,i,l,i,t,i,e,s,.,R,e,a,c,t,i,o,n,s,.,C,o,n,v,e,r,g,e,n,c,e,.,C,o,s,t,i,n,g,.,E,q,u,i,p,m,e,n,t,.,L,a,b,o,r,-,C,o,s,t, ,-, ,c,o,m,p, ,s,t,a,t,u,s, ,2,0,9,7,2,8,2
D,a,t,a,.,S,e,t,u,p,.,P,u,r,e, ,D,a,t,a,b,a,n,k,s,.,O,t,h,e,r, ,D,a,t,a,b,a,n,k,s,.,C,o,m,p,o,n,e,n,t,s,.,P,r,o,p,e,r,t,i,e,s,.,F,l,o,w,s,h,e,e,t,.,S,t,r,e,a,m,s,.,B,l,o,c,k,s,.,S,e,n,s,o,r,s,.,C,o,n,t,r,o,l,l,e,r,s,.,U,n,i,t, ,P,r,o,c,e,d,u,r,e,s,.,U,t,i,l,i,t,i,e,s,.,R,e,a,c,t,i,o,n,s,.,C,o,n,v,e,r,g,e,n,c,e,.,C,o,s,t,i,n,g,.,E,q,u,i,p,m,e,n,t,.,L,a,b,o,r,-,C,o,s,t,.,C,o,s,t,-,S,e,c,t,i,o,n, ,-, ,c,o,m,p, ,s,t,a,t,u,s, ,2,0,9,7,6,6,6
D,a,t,a,.,S,e,t,u,p,.,P,u,r,e, ,D,a,t,a,b,a,n,k,s,.,O,t,h,e,r, ,D,a,t,a,b,a,n,k,s,.,C,o,m,p,o,n,e,n,t,s,.,P,r,o,p,e,r,t,i,e,s,.,F,l,o,w,s,h,e,e,t,.,S,t,r,e,a,m,s,.,B,l,o,c,k,s,.,S,e,n,s,o,r,s,.,C,o,n,t,r,o,l,l,e,r,s,.,U,n,i,t, ,P,r,o,c,e,d,u,r,e,s,.,U,t,i,l,i,t,i,e,s,.,R,e,a,c,t,i,o,n,s,.,C,o,n,v,e,r,g,e,n,c,e,.,C,o,s,t,i,n,g,.,E,q,u,i,p,m,e,n,t,.,L,a,b,o,r,-,C,o,s,t,.,C,o,s,t,-,S,e,c,t,i,o,n,.,C,a,p,i,t,a,l,-,C,o,s,t, ,-, ,c,o,m,p, ,s,t,a,t,u,s, ,2,0,9,7,2,8,2
D,a,t,a,.,S,e,t,u,p,.,P,u,r,e, ,D,a,t,a,b,a,n,k,s,.,O,t,h,e,r, ,D,a,t,a,b,a,n,k,s,.,C,o,m,p,o,n,e,n,t,s,.,P,r,o,p,e,r,t,i,e,s,.,F,l,o,w,s,h,e,e,t,.,S,t,r,e,a,m,s,.,B,l,o,c,k,s,.,S,e,n,s,o,r,s,.,C,o,n,t,r,o,l,l,e,r,s,.,U,n,i,t, ,P,r,o,c,e,d,u,r,e,s,.,U,t,i,l,i,t,i,e,s,.,R,e,a,c,t,i,o,n,s,.,C,o,n,v,e,r,g,e,n,c,e,.,C,o,s,t,i,n,g,.,E,q,u,i,p,m,e,n,t,.,L,a,b,o,r,-,C,o,s,t,.,C,o,s,t,-,S,e,c,t,i,o,n,.,C,a,p,i,t,a,l,-,C,o,s,t,.,M,a,t,e,r,i,a,l,s, ,-, ,c,o,m,p, ,s,t,a,t,u,s, ,2,0,9,7,6,6,6
D,a,t,a,.,S,e,t,u,p,.,P,u,r,e, ,D,a,t,a,b,a,n,k,s,.,O,t,h,e,r, ,D,a,t,a,b,a,n,k,s,.,C,o,m,p,o,n,e,n,t,s,.,P,r,o,p,e,r,t,i,e,s,.,F,l,o,w,s,h,e,e,t,.,S,t,r,e,a,m,s,.,B,l,o,c,k,s,.,S,e,n,s,o,r,s,.,C,o,n,t,r,o,l,l,e,r,s,.,U,n,i,t, ,P,r,o,c,e,d,u,r,e,s,.,U,t,i,l,i,t,i,e,s,.,R,e,a,c,t,i,o,n,s,.,C,o,n,v,e,r,g,e,n,c,e,.,C,o,s,t,i,n,g,.,E,q,u,i,p,m,e,n,t,.,L,a,b,o,r,-,C,o,s,t,.,C,o,s,t,-,S,e,c,t,i,o,n,.,C,a,p,i,t,a,l,-,C,o,s,t,.,M,a,t,e,r,i,a,l,s,.,O,p,e,r,a,t,i,n,g,-,C,o,s,t, ,-, ,c,o,m,p, ,s,t,a,t,u,s, ,2,0,9,7,2,8,2
D,a,t,a,.,S,e,t,u,p,.,P,u,r,e, ,D,a,t,a,b,a,n,k,s,.,O,t,h,e,r, ,D,a,t,a,b,a,n,k,s,.,C,o,m,p,o,n,e,n,t,s,.,P,r,o,p,e,r,t,i,e,s,.,F,l,o,w,s,h,e,e,t,.,S,t,r,e,a,m,s,.,B,l,o,c,k,s,.,S,e,n,s,o,r,s,.,C,o,n,t,r,o,l,l,e,r,s,.,U,n,i,t, ,P,r,o,c,e,d,u,r,e,s,.,U,t,i,l,i,t,i,e,s,.,R,e,a,c,t,i,o,n,s,.,C,o,n,v,e,r,g,e,n,c,e,.,C,o,s,t,i,n,g,.,E,q,u,i,p,m,e,n,t,.,L,a,b,o,r,-,C,o,s,t,.,C,o,s,t,-,S,e,c,t,i,o,n,.,C,a,p,i,t,a,l,-,C,o,s,t,.,M,a,t,e,r,i,a,l,s,.,O,p,e,r,a,t,i,n,g,-,C,o,s,t,.,P,r,o,f,i,t, ,-, ,c,o,m,p, ,s,t,a,t,u,s, ,2,0,9,7,2,8,2
D,a,t,a,.,S,e,t,u,p,.,P,u,r,e, ,D,a,t,a,b,a,n,k,s,.,O,t,h,e,r, ,D,a,t,a,b,a,n,k,s,.,C,o,m,p,o,n,e,n,t,s,.,P,r,o,p,e,r,t,i,e,s,.,F,l,o,w,s,h,e,e,t,.,S,t,r,e,a,m,s,.,B,l,o,c,k,s,.,S,e,n,s,o,r,s,.,C,o,n,t,r,o,l,l,e,r,s,.,U,n,i,t, ,P,r,o,c,e,d,u,r,e,s,.,U,t,i,l,i,t,i,e,s,.,R,e,a,c,t,i,o,n,s,.,C,o,n,v,e,r,g,e,n,c,e,.,C,o,s,t,i,n,g,.,F,l,o,w,s,h,e,e,t,i,n,g, ,O,p,t,i,o,n,s, ,-, ,c,o,m,p, ,s,t,a,t,u,s, ,2,0,9,7,6,6,6
D,a,t,a,.,S,e,t,u,p,.,P,u,r,e, ,D,a,t,a,b,a,n,k,s,.,O,t,h,e,r, ,D,a,t,a,b,a,n,k,s,.,C,o,m,p,o,n,e,n,t,s,.,P,r,o,p,e,r,t,i,e,s,.,F,l,o,w,s,h,e,e,t,.,S,t,r,e,a,m,s,.,B,l,o,c,k,s,.,S,e,n,s,o,r,s,.,C,o,n,t,r,o,l,l,e,r,s,.,U,n,i,t, ,P,r,o,c,e,d,u,r,e,s,.,U,t,i,l,i,t,i,e,s,.,R,e,a,c,t,i,o,n,s,.,C,o,n,v,e,r,g,e,n,c,e,.,C,o,s,t,i,n,g,.,F,l,o,w,s,h,e,e,t,i,n,g, ,O,p,t,i,o,n,s,.,D,e,s,i,g,n,-,S,p,e,c, ,-, ,c,o,m,p, ,s,t,a,t,u,s, ,2,0,9,7,6,6,6
D,a,t,a,.,S,e,t,u,p,.,P,u,r,e, ,D,a,t,a,b,a,n,k,s,.,O,t,h,e,r, ,D,a,t,a,b,a,n,k,s,.,C,o,m,p,o,n,e,n,t,s,.,P,r,o,p,e,r,t,i,e,s,.,F,l,o,w,s,h,e,e,t,.,S,t,r,e,a,m,s,.,B,l,o,c,k,s,.,S,e,n,s,o,r,s,.,C,o,n,t,r,o,l,l,e,r,s,.,U,n,i,t, ,P,r,o,c,e,d,u,r,e,s,.,U,t,i,l,i,t,i,e,s,.,R,e,a,c,t,i,o,n,s,.,C,o,n,v,e,r,g,e,n,c,e,.,C,o,s,t,i,n,g,.,F,l,o,w,s,h,e,e,t,i,n,g, ,O,p,t,i,o,n,s,.,D,e,s,i,g,n,-,S,p,e,c,.,C,a,l,c,u,l,a,t,o,r, ,-, ,c,o,m,p, ,s,t,a,t,u,s, ,2,0,9,7,6,6,6
D,a,t,a,.,S,e,t,u,p,.,P,u,r,e, ,D,a,t,a,b,a,n,k,s,.,O,t,h,e,r, ,D,a,t,a,b,a,n,k,s,.,C,o,m,p,o,n,e,n,t,s,.,P,r,o,p,e,r,t,i,e,s,.,F,l,o,w,s,h,e,e,t,.,S,t,r,e,a,m,s,.,B,l,o,c,k,s,.,S,e,n,s,o,r,s,.,C,o,n,t,r,o,l,l,e,r,s,.,U,n,i,t, ,P,r,o,c,e,d,u,r,e,s,.,U,t,i,l,i,t,i,e,s,.,R,e,a,c,t,i,o,n,s,.,C,o,n,v,e,r,g,e,n,c,e,.,C,o,s,t,i,n,g,.,F,l,o,w,s,h,e,e,t,i,n,g, ,O,p,t,i,o,n,s,.,D,e,s,i,g,n,-,S,p,e,c,.,C,a,l,c,u,l,a,t,o,r,.,T,r,a,n,s,f,e,r, ,-, ,c,o,m,p, ,s,t,a,t,u,s, ,2,0,9,7,6,6,6
D,a,t,a,.,S,e,t,u,p,.,P,u,r,e, ,D,a,t,a,b,a,n,k,s,.,O,t,h,e,r, ,D,a,t,a,b,a,n,k,s,.,C,o,m,p,o,n,e,n,t,s,.,P,r,o,p,e,r,t,i,e,s,.,F,l,o,w,s,h,e,e,t,.,S,t,r,e,a,m,s,.,B,l,o,c,k,s,.,S,e,n,s,o,r,s,.,C,o,n,t,r,o,l,l,e,r,s,.,U,n,i,t, ,P,r,o,c,e,d,u,r,e,s,.,U,t,i,l,i,t,i,e,s,.,R,e,a,c,t,i,o,n,s,.,C,o,n,v,e,r,g,e,n,c,e,.,C,o,s,t,i,n,g,.,F,l,o,w,s,h,e,e,t,i,n,g, ,O,p,t,i,o,n,s,.,D,e,s,i,g,n,-,S,p,e,c,.,C,a,l,c,u,l,a,t,o,r,.,T,r,a,n,s,f,e,r,.,S,t,r,e,a,m,-,L,i,b, ,-, ,c,o,m,p, ,s,t,a,t,u,s, ,2,0,9,7,2,8,2
D,a,t,a,.,S,e,t,u,p,.,P,u,r,e, ,D,a,t,a,b,a,n,k,s,.,O,t,h,e,r, ,D,a,t,a,b,a,n,k,s,.,C,o,m,p,o,n,e,n,t,s,.,P,r,o,p,e,r,t,i,e,s,.,F,l,o,w,s,h,e,e,t,.,S,t,r,e,a,m,s,.,B,l,o,c,k,s,.,S,e,n,s,o,r,s,.,C,o,n,t,r,o,l,l,e,r,s,.,U,n,i,t, ,P,r,o,c,e,d,u,r,e,s,.,U,t,i,l,i,t,i,e,s,.,R,e,a,c,t,i,o,n,s,.,C,o,n,v,e,r,g,e,n,c,e,.,C,o,s,t,i,n,g,.,F,l,o,w,s,h,e,e,t,i,n,g, ,O,p,t,i,o,n,s,.,D,e,s,i,g,n,-,S,p,e,c,.,C,a,l,c,u,l,a,t,o,r,.,T,r,a,n,s,f,e,r,.,S,t,r,e,a,m,-,L,i,b,.,B,a,l,a,n,c,e, ,-, ,c,o,m,p, ,s,t,a,t,u,s, ,2,0,9,7,6,6,6
D,a,t,a,.,S,e,t,u,p,.,P,u,r,e, ,D,a,t,a,b,a,n,k,s,.,O,t,h,e,r, ,D,a,t,a,b,a,n,k,s,.,C,o,m,p,o,n,e,n,t,s,.,P,r,o,p,e,r,t,i,e,s,.,F,l,o,w,s,h,e,e,t,.,S,t,r,e,a,m,s,.,B,l,o,c,k,s,.,S,e,n,s,o,r,s,.,C,o,n,t,r,o,l,l,e,r,s,.,U,n,i,t, ,P,r,o,c,e,d,u,r,e,s,.,U,t,i,l,i,t,i,e,s,.,R,e,a,c,t,i,o,n,s,.,C,o,n,v,e,r,g,e,n,c,e,.,C,o,s,t,i,n,g,.,F,l,o,w,s,h,e,e,t,i,n,g, ,O,p,t,i,o,n,s,.,D,e,s,i,g,n,-,S,p,e,c,.,C,a,l,c,u,l,a,t,o,r,.,T,r,a,n,s,f,e,r,.,S,t,r,e,a,m,-,L,i,b,.,B,a,l,a,n,c,e,.,P,r,e,s,-,R,e,l,i,e,f, ,-, ,c,o,m,p, ,s,t,a,t,u,s, ,2,0,9,7,6,6,6
D,a,t,a,.,S,e,t,u,p,.,P,u,r,e, ,D,a,t,a,b,a,n,k,s,.,O,t,h,e,r, ,D,a,t,a,b,a,n,k,s,.,C,o,m,p,o,n,e,n,t,s,.,P,r,o,p,e,r,t,i,e,s,.,F,l,o,w,s,h,e,e,t,.,S,t,r,e,a,m,s,.,B,l,o,c,k,s,.,S,e,n,s,o,r,s,.,C,o,n,t,r,o,l,l,e,r,s,.,U,n,i,t, ,P,r,o,c,e,d,u,r,e,s,.,U,t,i,l,i,t,i,e,s,.,R,e,a,c,t,i,o,n,s,.,C,o,n,v,e,r,g,e,n,c,e,.,C,o,s,t,i,n,g,.,F,l,o,w,s,h,e,e,t,i,n,g, ,O,p,t,i,o,n,s,.,D,e,s,i,g,n,-,S,p,e,c,.,C,a,l,c,u,l,a,t,o,r,.,T,r,a,n,s,f,e,r,.,S,t,r,e,a,m,-,L,i,b,.,B,a,l,a,n,c,e,.,P,r,e,s,-,R,e,l,i,e,f,.,A,d,d,-,I,n,p,u,t, ,-, ,c,o,m,p, ,s,t,a,t,u,s, ,2,0,9,7,6,6,6
D,a,t,a,.,S,e,t,u,p,.,P,u,r,e, ,D,a,t,a,b,a,n,k,s,.,O,t,h,e,r, ,D,a,t,a,b,a,n,k,s,.,C,o,m,p,o,n,e,n,t,s,.,P,r,o,p,e,r,t,i,e,s,.,F,l,o,w,s,h,e,e,t,.,S,t,r,e,a,m,s,.,B,l,o,c,k,s,.,S,e,n,s,o,r,s,.,C,o,n,t,r,o,l,l,e,r,s,.,U,n,i,t, ,P,r,o,c,e,d,u,r,e,s,.,U,t,i,l,i,t,i,e,s,.,R,e,a,c,t,i,o,n,s,.,C,o,n,v,e,r,g,e,n,c,e,.,C,o,s,t,i,n,g,.,F,l,o,w,s,h,e,e,t,i,n,g, ,O,p,t,i,o,n,s,.,D,e,s,i,g,n,-,S,p,e,c,.,C,a,l,c,u,l,a,t,o,r,.,T,r,a,n,s,f,e,r,.,S,t,r,e,a,m,-,L,i,b,.,B,a,l,a,n,c,e,.,P,r,e,s,-,R,e,l,i,e,f,.,A,d,d,-,I,n,p,u,t,.,A,d,d,-,B,e,f,o,r,e, ,-, ,c,o,m,p, ,s,t,a,t,u,s, ,2,0,9,7,2,8,2
D,a,t,a,.,S,e,t,u,p,.,P,u,r,e, ,D,a,t,a,b,a,n,k,s,.,O,t,h,e,r, ,D,a,t,a,b,a,n,k,s,.,C,o,m,p,o,n,e,n,t,s,.,P,r,o,p,e,r,t,i,e,s,.,F,l,o,w,s,h,e,e,t,.,S,t,r,e,a,m,s,.,B,l,o,c,k,s,.,S,e,n,s,o,r,s,.,C,o,n,t,r,o,l,l,e,r,s,.,U,n,i,t, ,P,r,o,c,e,d,u,r,e,s,.,U,t,i,l,i,t,i,e,s,.,R,e,a,c,t,i,o,n,s,.,C,o,n,v,e,r,g,e,n,c,e,.,C,o,s,t,i,n,g,.,F,l,o,w,s,h,e,e,t,i,n,g, ,O,p,t,i,o,n,s,.,D,e,s,i,g,n,-,S,p,e,c,.,C,a,l,c,u,l,a,t,o,r,.,T,r,a,n,s,f,e,r,.,S,t,r,e,a,m,-,L,i,b,.,B,a,l,a,n,c,e,.,P,r,e,s,-,R,e,l,i,e,f,.,A,d,d,-,I,n,p,u,t,.,A,d,d,-,B,e,f,o,r,e,.,A,d,d,-,A,f,t,e,r, ,-, ,c,o,m,p, ,s,t,a,t,u,s, ,2,0,9,7,2,8,2
D,a,t,a,.,S,e,t,u,p,.,P,u,r,e, ,D,a,t,a,b,a,n,k,s,.,O,t,h,e,r, ,D,a,t,a,b,a,n,k,s,.,C,o,m,p,o,n,e,n,t,s,.,P,r,o,p,e,r,t,i,e,s,.,F,l,o,w,s,h,e,e,t,.,S,t,r,e,a,m,s,.,B,l,o,c,k,s,.,S,e,n,s,o,r,s,.,C,o,n,t,r,o,l,l,e,r,s,.,U,n,i,t, ,P,r,o,c,e,d,u,r,e,s,.,U,t,i,l,i,t,i,e,s,.,R,e,a,c,t,i,o,n,s,.,C,o,n,v,e,r,g,e,n,c,e,.,C,o,s,t,i,n,g,.,F,l,o,w,s,h,e,e,t,i,n,g, ,O,p,t,i,o,n,s,.,D,e,s,i,g,n,-,S,p,e,c,.,C,a,l,c,u,l,a,t,o,r,.,T,r,a,n,s,f,e,r,.,S,t,r,e,a,m,-,L,i,b,.,B,a,l,a,n,c,e,.,P,r,e,s,-,R,e,l,i,e,f,.,A,d,d,-,I,n,p,u,t,.,M,e,a,s,u,r,e,m,e,n,t, ,-, ,c,o,m,p, ,s,t,a,t,u,s, ,2,0,9,7,6,6,6
D,a,t,a,.,S,e,t,u,p,.,P,u,r,e, ,D,a,t,a,b,a,n,k,s,.,O,t,h,e,r, ,D,a,t,a,b,a,n,k,s,.,C,o,m,p,o,n,e,n,t,s,.,P,r,o,p,e,r,t,i,e,s,.,F,l,o,w,s,h,e,e,t,.,S,t,r,e,a,m,s,.,B,l,o,c,k,s,.,S,e,n,s,o,r,s,.,C,o,n,t,r,o,l,l,e,r,s,.,U,n,i,t, ,P,r,o,c,e,d,u,r,e,s,.,U,t,i,l,i,t,i,e,s,.,R,e,a,c,t,i,o,n,s,.,C,o,n,v,e,r,g,e,n,c,e,.,C,o,s,t,i,n,g,.,F,l,o,w,s,h,e,e,t,i,n,g, ,O,p,t,i,o,n,s,.,M,o,d,e,l, ,A,n,a,l,y,s,i,s, ,T,o,o,l,s, ,-, ,c,o,m,p, ,s,t,a,t,u,s, ,2,0,9,7,6,6,6
D,a,t,a,.,S,e,t,u,p,.,P,u,r,e, ,D,a,t,a,b,a,n,k,s,.,O,t,h,e,r, ,D,a,t,a,b,a,n,k,s,.,C,o,m,p,o,n,e,n,t,s,.,P,r,o,p,e,r,t,i,e,s,.,F,l,o,w,s,h,e,e,t,.,S,t,r,e,a,m,s,.,B,l,o,c,k,s,.,S,e,n,s,o,r,s,.,C,o,n,t,r,o,l,l,e,r,s,.,U,n,i,t, ,P,r,o,c,e,d,u,r,e,s,.,U,t,i,l,i,t,i,e,s,.,R,e,a,c,t,i,o,n,s,.,C,o,n,v,e,r,g,e,n,c,e,.,C,o,s,t,i,n,g,.,F,l,o,w,s,h,e,e,t,i,n,g, ,O,p,t,i,o,n,s,.,M,o,d,e,l, ,A,n,a,l,y,s,i,s, ,T,o,o,l,s,.,S,e,n,s,i,t,i,v,i,t,y, ,-, ,c,o,m,p, ,s,t,a,t,u,s, ,2,0,9,7,6,6,6
D,a,t,a,.,S,e,t,u,p,.,P,u,r,e, ,D,a,t,a,b,a,n,k,s,.,O,t,h,e,r, ,D,a,t,a,b,a,n,k,s,.,C,o,m,p,o,n,e,n,t,s,.,P,r,o,p,e,r,t,i,e,s,.,F,l,o,w,s,h,e,e,t,.,S,t,r,e,a,m,s,.,B,l,o,c,k,s,.,S,e,n,s,o,r,s,.,C,o,n,t,r,o,l,l,e,r,s,.,U,n,i,t, ,P,r,o,c,e,d,u,r,e,s,.,U,t,i,l,i,t,i,e,s,.,R,e,a,c,t,i,o,n,s,.,C,o,n,v,e,r,g,e,n,c,e,.,C,o,s,t,i,n,g,.,F,l,o,w,s,h,e,e,t,i,n,g, ,O,p,t,i,o,n,s,.,M,o,d,e,l, ,A,n,a,l,y,s,i,s, ,T,o,o,l,s,.,S,e,n,s,i,t,i,v,i,t,y,.,O,p,t,i,m,i,z,a,t,i,o,n, ,-, ,c,o,m,p, ,s,t,a,t,u,s, ,2,0,9,7,6,6,6
D,a,t,a,.,S,e,t,u,p,.,P,u,r,e, ,D,a,t,a,b,a,n,k,s,.,O,t,h,e,r, ,D,a,t,a,b,a,n,k,s,.,C,o,m,p,o,n,e,n,t,s,.,P,r,o,p,e,r,t,i,e,s,.,F,l,o,w,s,h,e,e,t,.,S,t,r,e,a,m,s,.,B,l,o,c,k,s,.,S,e,n,s,o,r,s,.,C,o,n,t,r,o,l,l,e,r,s,.,U,n,i,t, ,P,r,o,c,e,d,u,r,e,s,.,U,t,i,l,i,t,i,e,s,.,R,e,a,c,t,i,o,n,s,.,C,o,n,v,e,r,g,e,n,c,e,.,C,o,s,t,i,n,g,.,F,l,o,w,s,h,e,e,t,i,n,g, ,O,p,t,i,o,n,s,.,M,o,d,e,l, ,A,n,a,l,y,s,i,s, ,T,o,o,l,s,.,S,e,n,s,i,t,i,v,i,t,y,.,O,p,t,i,m,i,z,a,t,i,o,n,.,C,o,n,s,t,r,a,i,n,t, ,-, ,c,o,m,p, ,s,t,a,t,u,s, ,2,0,9,7,6,6,6
D,a,t,a,.,S,e,t,u,p,.,P,u,r,e, ,D,a,t,a,b,a,n,k,s,.,O,t,h,e,r, ,D,a,t,a,b,a,n,k,s,.,C,o,m,p,o,n,e,n,t,s,.,P,r,o,p,e,r,t,i,e,s,.,F,l,o,w,s,h,e,e,t,.,S,t,r,e,a,m,s,.,B,l,o,c,k,s,.,S,e,n,s,o,r,s,.,C,o,n,t,r,o,l,l,e,r,s,.,U,n,i,t, ,P,r,o,c,e,d,u,r,e,s,.,U,t,i,l,i,t,i,e,s,.,R,e,a,c,t,i,o,n,s,.,C,o,n,v,e,r,g,e,n,c,e,.,C,o,s,t,i,n,g,.,F,l,o,w,s,h,e,e,t,i,n,g, ,O,p,t,i,o,n,s,.,M,o,d,e,l, ,A,n,a,l,y,s,i,s, ,T,o,o,l,s,.,S,e,n,s,i,t,i,v,i,t,y,.,O,p,t,i,m,i,z,a,t,i,o,n,.,C,o,n,s,t,r,a,i,n,t,.,D,a,t,a,-,F,i,t, ,-, ,c,o,m,p, ,s,t,a,t,u,s, ,2,0,9,7,6,6,6
D,a,t,a,.,S,e,t,u,p,.,P,u,r,e, ,D,a,t,a,b,a,n,k,s,.,O,t,h,e,r, ,D,a,t,a,b,a,n,k,s,.,C,o,m,p,o,n,e,n,t,s,.,P,r,o,p,e,r,t,i,e,s,.,F,l,o,w,s,h,e,e,t,.,S,t,r,e,a,m,s,.,B,l,o,c,k,s,.,S,e,n,s,o,r,s,.,C,o,n,t,r,o,l,l,e,r,s,.,U,n,i,t, ,P,r,o,c,e,d,u,r,e,s,.,U,t,i,l,i,t,i,e,s,.,R,e,a,c,t,i,o,n,s,.,C,o,n,v,e,r,g,e,n,c,e,.,C,o,s,t,i,n,g,.,F,l,o,w,s,h,e,e,t,i,n,g, ,O,p,t,i,o,n,s,.,M,o,d,e,l, ,A,n,a,l,y,s,i,s, ,T,o,o,l,s,.,S,e,n,s,i,t,i,v,i,t,y,.,O,p,t,i,m,i,z,a,t,i,o,n,.,C,o,n,s,t,r,a,i,n,t,.,D,a,t,a,-,F,i,t,.,D,a,t,a,-,S,e,t, ,-, ,c,o,m,p, ,s,t,a,t,u,s, ,2,0,9,7,6,6,6
D,a,t,a,.,S,e,t,u,p,.,P,u,r,e, ,D,a,t,a,b,a,n,k,s,.,O,t,h,e,r, ,D,a,t,a,b,a,n,k,s,.,C,o,m,p,o,n,e,n,t,s,.,P,r,o,p,e,r,t,i,e,s,.,F,l,o,w,s,h,e,e,t,.,S,t,r,e,a,m,s,.,B,l,o,c,k,s,.,S,e,n,s,o,r,s,.,C,o,n,t,r,o,l,l,e,r,s,.,U,n,i,t, ,P,r,o,c,e,d,u,r,e,s,.,U,t,i,l,i,t,i,e,s,.,R,e,a,c,t,i,o,n,s,.,C,o,n,v,e,r,g,e,n,c,e,.,C,o,s,t,i,n,g,.,F,l,o,w,s,h,e,e,t,i,n,g, ,O,p,t,i,o,n,s,.,M,o,d,e,l, ,A,n,a,l,y,s,i,s, ,T,o,o,l,s,.,S,e,n,s,i,t,i,v,i,t,y,.,O,p,t,i,m,i,z,a,t,i,o,n,.,C,o,n,s,t,r,a,i,n,t,.,D,a,t,a,-,F,i,t,.,D,a,t,a,-,S,e,t,.,R,e,g,r,e,s,s,i,o,n, ,-, ,c,o,m,p, ,s,t,a,t,u,s, ,2,0,9,7,6,6,6
D,a,t,a,.,S,e,t,u,p,.,P,u,r,e, ,D,a,t,a,b,a,n,k,s,.,O,t,h,e,r, ,D,a,t,a,b,a,n,k,s,.,C,o,m,p,o,n,e,n,t,s,.,P,r,o,p,e,r,t,i,e,s,.,F,l,o,w,s,h,e,e,t,.,S,t,r,e,a,m,s,.,B,l,o,c,k,s,.,S,e,n,s,o,r,s,.,C,o,n,t,r,o,l,l,e,r,s,.,U,n,i,t, ,P,r,o,c,e,d,u,r,e,s,.,U,t,i,l,i,t,i,e,s,.,R,e,a,c,t,i,o,n,s,.,C,o,n,v,e,r,g,e,n,c,e,.,C,o,s,t,i,n,g,.,F,l,o,w,s,h,e,e,t,i,n,g, ,O,p,t,i,o,n,s,.,M,o,d,e,l, ,A,n,a,l,y,s,i,s, ,T,o,o,l,s,.,E,O, ,C,o,n,f,i,g,u,r,a,t,i,o,n, ,-, ,c,o,m,p, ,s,t,a,t,u,s, ,2,0,9,7,2,8,2
D,a,t,a,.,S,e,t,u,p,.,P,u,r,e, ,D,a,t,a,b,a,n,k,s,.,O,t,h,e,r, ,D,a,t,a,b,a,n,k,s,.,C,o,m,p,o,n,e,n,t,s,.,P,r,o,p,e,r,t,i,e,s,.,F,l,o,w,s,h,e,e,t,.,S,t,r,e,a,m,s,.,B,l,o,c,k,s,.,S,e,n,s,o,r,s,.,C,o,n,t,r,o,l,l,e,r,s,.,U,n,i,t, ,P,r,o,c,e,d,u,r,e,s,.,U,t,i,l,i,t,i,e,s,.,R,e,a,c,t,i,o,n,s,.,C,o,n,v,e,r,g,e,n,c,e,.,C,o,s,t,i,n,g,.,F,l,o,w,s,h,e,e,t,i,n,g, ,O,p,t,i,o,n,s,.,M,o,d,e,l, ,A,n,a,l,y,s,i,s, ,T,o,o,l,s,.,E,O, ,C,o,n,f,i,g,u,r,a,t,i,o,n,.,S,o,l,v,e,-,O,p,t,i,o,n,s, ,-, ,c,o,m,p, ,s,t,a,t,u,s, ,2,0,9,7,2,8,2
D,a,t,a,.,S,e,t,u,p,.,P,u,r,e, ,D,a,t,a,b,a,n,k,s,.,O,t,h,e,r, ,D,a,t,a,b,a,n,k,s,.,C,o,m,p,o,n,e,n,t,s,.,P,r,o,p,e,r,t,i,e,s,.,F,l,o,w,s,h,e,e,t,.,S,t,r,e,a,m,s,.,B,l,o,c,k,s,.,S,e,n,s,o,r,s,.,C,o,n,t,r,o,l,l,e,r,s,.,U,n,i,t, ,P,r,o,c,e,d,u,r,e,s,.,U,t,i,l,i,t,i,e,s,.,R,e,a,c,t,i,o,n,s,.,C,o,n,v,e,r,g,e,n,c,e,.,C,o,s,t,i,n,g,.,F,l,o,w,s,h,e,e,t,i,n,g, ,O,p,t,i,o,n,s,.,M,o,d,e,l, ,A,n,a,l,y,s,i,s, ,T,o,o,l,s,.,E,O, ,C,o,n,f,i,g,u,r,a,t,i,o,n,.,S,o,l,v,e,-,O,p,t,i,o,n,s,.,E,O, ,I,n,p,u,t, ,-, ,c,o,m,p, ,s,t,a,t,u,s, ,2,0,9,7,2,8,2
D,a,t,a,.,S,e,t,u,p,.,P,u,r,e, ,D,a,t,a,b,a,n,k,s,.,O,t,h,e,r, ,D,a,t,a,b,a,n,k,s,.,C,o,m,p,o,n,e,n,t,s,.,P,r,o,p,e,r,t,i,e,s,.,F,l,o,w,s,h,e,e,t,.,S,t,r,e,a,m,s,.,B,l,o,c,k,s,.,S,e,n,s,o,r,s,.,C,o,n,t,r,o,l,l,e,r,s,.,U,n,i,t, ,P,r,o,c,e,d,u,r,e,s,.,U,t,i,l,i,t,i,e,s,.,R,e,a,c,t,i,o,n,s,.,C,o,n,v,e,r,g,e,n,c,e,.,C,o,s,t,i,n,g,.,F,l,o,w,s,h,e,e,t,i,n,g, ,O,p,t,i,o,n,s,.,M,o,d,e,l, ,A,n,a,l,y,s,i,s, ,T,o,o,l,s,.,E,O, ,C,o,n,f,i,g,u,r,a,t,i,o,n,.,S,o,l,v,e,-,O,p,t,i,o,n,s,.,E,O, ,I,n,p,u,t,.,A,l,i,a,s,e,s, ,-, ,c,o,m,p, ,s,t,a,t,u,s, ,2,0,9,7,2,8,2
D,a,t,a,.,S,e,t,u,p,.,P,u,r,e, ,D,a,t,a,b,a,n,k,s,.,O,t,h,e,r, ,D,a,t,a,b,a,n,k,s,.,C,o,m,p,o,n,e,n,t,s,.,P,r,o,p,e,r,t,i,e,s,.,F,l,o,w,s,h,e,e,t,.,S,t,r,e,a,m,s,.,B,l,o,c,k,s,.,S,e,n,s,o,r,s,.,C,o,n,t,r,o,l,l,e,r,s,.,U,n,i,t, ,P,r,o,c,e,d,u,r,e,s,.,U,t,i,l,i,t,i,e,s,.,R,e,a,c,t,i,o,n,s,.,C,o,n,v,e,r,g,e,n,c,e,.,C,o,s,t,i,n,g,.,F,l,o,w,s,h,e,e,t,i,n,g, ,O,p,t,i,o,n,s,.,M,o,d,e,l, ,A,n,a,l,y,s,i,s, ,T,o,o,l,s,.,E,O, ,C,o,n,f,i,g,u,r,a,t,i,o,n,.,S,o,l,v,e,-,O,p,t,i,o,n,s,.,E,O, ,I,n,p,u,t,.,A,l,i,a,s,e,s,.,O,b,j,e,c,t,i,v,e, ,-, ,c,o,m,p, ,s,t,a,t,u,s, ,2,0,9,7,6,6,6
D,a,t,a,.,S,e,t,u,p,.,P,u,r,e, ,D,a,t,a,b,a,n,k,s,.,O,t,h,e,r, ,D,a,t,a,b,a,n,k,s,.,C,o,m,p,o,n,e,n,t,s,.,P,r,o,p,e,r,t,i,e,s,.,F,l,o,w,s,h,e,e,t,.,S,t,r,e,a,m,s,.,B,l,o,c,k,s,.,S,e,n,s,o,r,s,.,C,o,n,t,r,o,l,l,e,r,s,.,U,n,i,t, ,P,r,o,c,e,d,u,r,e,s,.,U,t,i,l,i,t,i,e,s,.,R,e,a,c,t,i,o,n,s,.,C,o,n,v,e,r,g,e,n,c,e,.,C,o,s,t,i,n,g,.,F,l,o,w,s,h,e,e,t,i,n,g, ,O,p,t,i,o,n,s,.,M,o,d,e,l, ,A,n,a,l,y,s,i,s, ,T,o,o,l,s,.,E,O, ,C,o,n,f,i,g,u,r,a,t,i,o,n,.,S,o,l,v,e,-,O,p,t,i,o,n,s,.,E,O, ,I,n,p,u,t,.,A,l,i,a,s,e,s,.,O,b,j,e,c,t,i,v,e,.,S,p,e,c, ,G,r,o,u,p,s, ,-, ,c,o,m,p, ,s,t,a,t,u,s, ,2,0,9,7,2,8,2
D,a,t,a,.,S,e,t,u,p,.,P,u,r,e, ,D,a,t,a,b,a,n,k,s,.,O,t,h,e,r, ,D,a,t,a,b,a,n,k,s,.,C,o,m,p,o,n,e,n,t,s,.,P,r,o,p,e,r,t,i,e,s,.,F,l,o,w,s,h,e,e,t,.,S,t,r,e,a,m,s,.,B,l,o,c,k,s,.,S,e,n,s,o,r,s,.,C,o,n,t,r,o,l,l,e,r,s,.,U,n,i,t, ,P,r,o,c,e,d,u,r,e,s,.,U,t,i,l,i,t,i,e,s,.,R,e,a,c,t,i,o,n,s,.,C,o,n,v,e,r,g,e,n,c,e,.,C,o,s,t,i,n,g,.,F,l,o,w,s,h,e,e,t,i,n,g, ,O,p,t,i,o,n,s,.,M,o,d,e,l, ,A,n,a,l,y,s,i,s, ,T,o,o,l,s,.,E,O, ,C,o,n,f,i,g,u,r,a,t,i,o,n,.,S,o,l,v,e,-,O,p,t,i,o,n,s,.,E,O, ,I,n,p,u,t,.,A,l,i,a,s,e,s,.,O,b,j,e,c,t,i,v,e,.,S,p,e,c, ,G,r,o,u,p,s,.,C,o,n,n,e,c,t,i,o,n, ,-, ,c,o,m,p, ,s,t,a,t,u,s, ,2,1,0,5,4,7,4
D,a,t,a,.,S,e,t,u,p,.,P,u,r,e, ,D,a,t,a,b,a,n,k,s,.,O,t,h,e,r, ,D,a,t,a,b,a,n,k,s,.,C,o,m,p,o,n,e,n,t,s,.,P,r,o,p,e,r,t,i,e,s,.,F,l,o,w,s,h,e,e,t,.,S,t,r,e,a,m,s,.,B,l,o,c,k,s,.,S,e,n,s,o,r,s,.,C,o,n,t,r,o,l,l,e,r,s,.,U,n,i,t, ,P,r,o,c,e,d,u,r,e,s,.,U,t,i,l,i,t,i,e,s,.,R,e,a,c,t,i,o,n,s,.,C,o,n,v,e,r,g,e,n,c,e,.,C,o,s,t,i,n,g,.,F,l,o,w,s,h,e,e,t,i,n,g, ,O,p,t,i,o,n,s,.,M,o,d,e,l, ,A,n,a,l,y,s,i,s, ,T,o,o,l,s,.,E,O, ,C,o,n,f,i,g,u,r,a,t,i,o,n,.,S,o,l,v,e,-,O,p,t,i,o,n,s,.,E,O, ,I,n,p,u,t,.,A,l,i,a,s,e,s,.,O,b,j,e,c,t,i,v,e,.,S,p,e,c, ,G,r,o,u,p,s,.,C,o,n,n,e,c,t,i,o,n,.,P,o,r,t,s, ,-, ,c,o,m,p, ,s,t,a,t,u,s, ,2,0,9,7,6,6,6
D,a,t,a,.,S,e,t,u,p,.,P,u,r,e, ,D,a,t,a,b,a,n,k,s,.,O,t,h,e,r, ,D,a,t,a,b,a,n,k,s,.,C,o,m,p,o,n,e,n,t,s,.,P,r,o,p,e,r,t,i,e,s,.,F,l,o,w,s,h,e,e,t,.,S,t,r,e,a,m,s,.,B,l,o,c,k,s,.,S,e,n,s,o,r,s,.,C,o,n,t,r,o,l,l,e,r,s,.,U,n,i,t, ,P,r,o,c,e,d,u,r,e,s,.,U,t,i,l,i,t,i,e,s,.,R,e,a,c,t,i,o,n,s,.,C,o,n,v,e,r,g,e,n,c,e,.,C,o,s,t,i,n,g,.,F,l,o,w,s,h,e,e,t,i,n,g, ,O,p,t,i,o,n,s,.,M,o,d,e,l, ,A,n,a,l,y,s,i,s, ,T,o,o,l,s,.,E,O, ,C,o,n,f,i,g,u,r,a,t,i,o,n,.,S,o,l,v,e,-,O,p,t,i,o,n,s,.,E,O, ,I,n,p,u,t,.,A,l,i,a,s,e,s,.,O,b,j,e,c,t,i,v,e,.,S,p,e,c, ,G,r,o,u,p,s,.,C,o,n,n,e,c,t,i,o,n,.,P,o,r,t,s,.,M,o,d,e,l, ,O,p,t,i,o,n,s, ,-, ,c,o,m,p, ,s,t,a,t,u,s, ,2,0,9,7,2,8,2
D,a,t,a,.,S,e,t,u,p,.,P,u,r,e, ,D,a,t,a,b,a,n,k,s,.,O,t,h,e,r, ,D,a,t,a,b,a,n,k,s,.,C,o,m,p,o,n,e,n,t,s,.,P,r,o,p,e,r,t,i,e,s,.,F,l,o,w,s,h,e,e,t,.,S,t,r,e,a,m,s,.,B,l,o,c,k,s,.,S,e,n,s,o,r,s,.,C,o,n,t,r,o,l,l,e,r,s,.,U,n,i,t, ,P,r,o,c,e,d,u,r,e,s,.,U,t,i,l,i,t,i,e,s,.,R,e,a,c,t,i,o,n,s,.,C,o,n,v,e,r,g,e,n,c,e,.,C,o,s,t,i,n,g,.,F,l,o,w,s,h,e,e,t,i,n,g, ,O,p,t,i,o,n,s,.,M,o,d,e,l, ,A,n,a,l,y,s,i,s, ,T,o,o,l,s,.,E,O, ,C,o,n,f,i,g,u,r,a,t,i,o,n,.,S,o,l,v,e,-,O,p,t,i,o,n,s,.,E,O, ,I,n,p,u,t,.,A,l,i,a,s,e,s,.,O,b,j,e,c,t,i,v,e,.,S,p,e,c, ,G,r,o,u,p,s,.,C,o,n,n,e,c,t,i,o,n,.,P,o,r,t,s,.,M,o,d,e,l, ,O,p,t,i,o,n,s,.,L,o,c,a,l, ,S,c,r,i,p,t,s, ,-, ,c,o,m,p, ,s,t,a,t,u,s, ,2,0,9,7,6,6,6
D,a,t,a,.,S,e,t,u,p,.,P,u,r,e, ,D,a,t,a,b,a,n,k,s,.,O,t,h,e,r, ,D,a,t,a,b,a,n,k,s,.,C,o,m,p,o,n,e,n,t,s,.,P,r,o,p,e,r,t,i,e,s,.,F,l,o,w,s,h,e,e,t,.,S,t,r,e,a,m,s,.,B,l,o,c,k,s,.,S,e,n,s,o,r,s,.,C,o,n,t,r,o,l,l,e,r,s,.,U,n,i,t, ,P,r,o,c,e,d,u,r,e,s,.,U,t,i,l,i,t,i,e,s,.,R,e,a,c,t,i,o,n,s,.,C,o,n,v,e,r,g,e,n,c,e,.,C,o,s,t,i,n,g,.,F,l,o,w,s,h,e,e,t,i,n,g, ,O,p,t,i,o,n,s,.,M,o,d,e,l, ,A,n,a,l,y,s,i,s, ,T,o,o,l,s,.,E,O, ,C,o,n,f,i,g,u,r,a,t,i,o,n,.,S,o,l,v,e,-,O,p,t,i,o,n,s,.,E,O, ,I,n,p,u,t,.,A,l,i,a,s,e,s,.,O,b,j,e,c,t,i,v,e,.,S,p,e,c, ,G,r,o,u,p,s,.,C,o,n,n,e,c,t,i,o,n,.,P,o,r,t,s,.,M,o,d,e,l, ,O,p,t,i,o,n,s,.,L,o,c,a,l, ,S,c,r,i,p,t,s,.,G,l,o,b,a,l, ,S,c,r,i,p,t,s, ,-, ,c,o,m,p, ,s,t,a,t,u,s, ,2,0,9,7,6,6,6
D,a,t,a,.,S,e,t,u,p,.,P,u,r,e, ,D,a,t,a,b,a,n,k,s,.,O,t,h,e,r, ,D,a,t,a,b,a,n,k,s,.,C,o,m,p,o,n,e,n,t,s,.,P,r,o,p,e,r,t,i,e,s,.,F,l,o,w,s,h,e,e,t,.,S,t,r,e,a,m,s,.,B,l,o,c,k,s,.,S,e,n,s,o,r,s,.,C,o,n,t,r,o,l,l,e,r,s,.,U,n,i,t, ,P,r,o,c,e,d,u,r,e,s,.,U,t,i,l,i,t,i,e,s,.,R,e,a,c,t,i,o,n,s,.,C,o,n,v,e,r,g,e,n,c,e,.,C,o,s,t,i,n,g,.,F,l,o,w,s,h,e,e,t,i,n,g, ,O,p,t,i,o,n,s,.,M,o,d,e,l, ,A,n,a,l,y,s,i,s, ,T,o,o,l,s,.,E,O, ,C,o,n,f,i,g,u,r,a,t,i,o,n,.,S,o,l,v,e,-,O,p,t,i,o,n,s,.,E,O, ,I,n,p,u,t,.,A,l,i,a,s,e,s,.,O,b,j,e,c,t,i,v,e,.,S,p,e,c, ,G,r,o,u,p,s,.,C,o,n,n,e,c,t,i,o,n,.,P,o,r,t,s,.,M,o,d,e,l, ,O,p,t,i,o,n,s,.,L,o,c,a,l, ,S,c,r,i,p,t,s,.,G,l,o,b,a,l, ,S,c,r,i,p,t,s,.,S,c,r,i,p,t, ,M,e,t,h,o,d, ,-, ,c,o,m,p, ,s,t,a,t,u,s, ,2,0,9,7,2,8,2
D,a,t,a,.,S,e,t,u,p,.,P,u,r,e, ,D,a,t,a,b,a,n,k,s,.,O,t,h,e,r, ,D,a,t,a,b,a,n,k,s,.,C,o,m,p,o,n,e,n,t,s,.,P,r,o,p,e,r,t,i,e,s,.,F,l,o,w,s,h,e,e,t,.,S,t,r,e,a,m,s,.,B,l,o,c,k,s,.,S,e,n,s,o,r,s,.,C,o,n,t,r,o,l,l,e,r,s,.,U,n,i,t, ,P,r,o,c,e,d,u,r,e,s,.,U,t,i,l,i,t,i,e,s,.,R,e,a,c,t,i,o,n,s,.,C,o,n,v,e,r,g,e,n,c,e,.,C,o,s,t,i,n,g,.,F,l,o,w,s,h,e,e,t,i,n,g, ,O,p,t,i,o,n,s,.,M,o,d,e,l, ,A,n,a,l,y,s,i,s, ,T,o,o,l,s,.,E,O, ,C,o,n,f,i,g,u,r,a,t,i,o,n,.,S,o,l,v,e,-,O,p,t,i,o,n,s,.,E,O, ,I,n,p,u,t,.,A,l,i,a,s,e,s,.,O,b,j,e,c,t,i,v,e,.,S,p,e,c, ,G,r,o,u,p,s,.,C,o,n,n,e,c,t,i,o,n,.,P,o,r,t,s,.,M,o,d,e,l, ,O,p,t,i,o,n,s,.,L,o,c,a,l, ,S,c,r,i,p,t,s,.,G,l,o,b,a,l, ,S,c,r,i,p,t,s,.,S,c,r,i,p,t, ,M,e,t,h,o,d,.,E,O,-,S,e,n,s,i,t,i,v,i,t,y, ,-, ,c,o,m,p, ,s,t,a,t,u,s, ,2,0,9,7,6,6,6
D,a,t,a,.,S,e,t,u,p,.,P,u,r,e, ,D,a,t,a,b,a,n,k,s,.,O,t,h,e,r, ,D,a,t,a,b,a,n,k,s,.,C,o,m,p,o,n,e,n,t,s,.,P,r,o,p,e,r,t,i,e,s,.,F,l,o,w,s,h,e,e,t,.,S,t,r,e,a,m,s,.,B,l,o,c,k,s,.,S,e,n,s,o,r,s,.,C,o,n,t,r,o,l,l,e,r,s,.,U,n,i,t, ,P,r,o,c,e,d,u,r,e,s,.,U,t,i,l,i,t,i,e,s,.,R,e,a,c,t,i,o,n,s,.,C,o,n,v,e,r,g,e,n,c,e,.,C,o,s,t,i,n,g,.,F,l,o,w,s,h,e,e,t,i,n,g, ,O,p,t,i,o,n,s,.,M,o,d,e,l, ,A,n,a,l,y,s,i,s, ,T,o,o,l,s,.,E,O, ,C,o,n,f,i,g,u,r,a,t,i,o,n,.,S,o,l,v,e,-,O,p,t,i,o,n,s,.,E,O, ,I,n,p,u,t,.,A,l,i,a,s,e,s,.,O,b,j,e,c,t,i,v,e,.,S,p,e,c, ,G,r,o,u,p,s,.,C,o,n,n,e,c,t,i,o,n,.,P,o,r,t,s,.,M,o,d,e,l, ,O,p,t,i,o,n,s,.,L,o,c,a,l, ,S,c,r,i,p,t,s,.,G,l,o,b,a,l, ,S,c,r,i,p,t,s,.,S,c,r,i,p,t, ,M,e,t,h,o,d,.,E,O,-,S,e,n,s,i,t,i,v,i,t,y,.,E,O, ,V,a,r,G,r,i,d, ,-, ,c,o,m,p, ,s,t,a,t,u,s, ,2,0,9,7,2,8,2
D,a,t,a,.,S,e,t,u,p,.,P,u,r,e, ,D,a,t,a,b,a,n,k,s,.,O,t,h,e,r, ,D,a,t,a,b,a,n,k,s,.,C,o,m,p,o,n,e,n,t,s,.,P,r,o,p,e,r,t,i,e,s,.,F,l,o,w,s,h,e,e,t,.,S,t,r,e,a,m,s,.,B,l,o,c,k,s,.,S,e,n,s,o,r,s,.,C,o,n,t,r,o,l,l,e,r,s,.,U,n,i,t, ,P,r,o,c,e,d,u,r,e,s,.,U,t,i,l,i,t,i,e,s,.,R,e,a,c,t,i,o,n,s,.,C,o,n,v,e,r,g,e,n,c,e,.,C,o,s,t,i,n,g,.,F,l,o,w,s,h,e,e,t,i,n,g, ,O,p,t,i,o,n,s,.,M,o,d,e,l, ,A,n,a,l,y,s,i,s, ,T,o,o,l,s,.,E,O, ,C,o,n,f,i,g,u,r,a,t,i,o,n,.,R,e,s,u,l,t,s, ,S,u,m,m,a,r,y, ,-, ,c,o,m,p, ,s,t,a,t,u,s, ,2,0,9,7,4,1,0
D,a,t,a,.,S,e,t,u,p,.,P,u,r,e, ,D,a,t,a,b,a,n,k,s,.,O,t,h,e,r, ,D,a,t,a,b,a,n,k,s,.,C,o,m,p,o,n,e,n,t,s,.,P,r,o,p,e,r,t,i,e,s,.,F,l,o,w,s,h,e,e,t,.,S,t,r,e,a,m,s,.,B,l,o,c,k,s,.,S,e,n,s,o,r,s,.,C,o,n,t,r,o,l,l,e,r,s,.,U,n,i,t, ,P,r,o,c,e,d,u,r,e,s,.,U,t,i,l,i,t,i,e,s,.,R,e,a,c,t,i,o,n,s,.,C,o,n,v,e,r,g,e,n,c,e,.,C,o,s,t,i,n,g,.,F,l,o,w,s,h,e,e,t,i,n,g, ,O,p,t,i,o,n,s,.,M,o,d,e,l, ,A,n,a,l,y,s,i,s, ,T,o,o,l,s,.,E,O, ,C,o,n,f,i,g,u,r,a,t,i,o,n,.,R,e,s,u,l,t,s, ,S,u,m,m,a,r,y,.,S,t,r,e,a,m,-,S,u,m, ,-, ,c,o,m,p, ,s,t,a,t,u,s, ,2,0,9,7,4,1,0
D,a,t,a,.,S,e,t,u,p,.,P,u,r,e, ,D,a,t,a,b,a,n,k,s,.,O,t,h,e,r, ,D,a,t,a,b,a,n,k,s,.,C,o,m,p,o,n,e,n,t,s,.,P,r,o,p,e,r,t,i,e,s,.,F,l,o,w,s,h,e,e,t,.,S,t,r,e,a,m,s,.,B,l,o,c,k,s,.,S,e,n,s,o,r,s,.,C,o,n,t,r,o,l,l,e,r,s,.,U,n,i,t, ,P,r,o,c,e,d,u,r,e,s,.,U,t,i,l,i,t,i,e,s,.,R,e,a,c,t,i,o,n,s,.,C,o,n,v,e,r,g,e,n,c,e,.,C,o,s,t,i,n,g,.,F,l,o,w,s,h,e,e,t,i,n,g, ,O,p,t,i,o,n,s,.,M,o,d,e,l, ,A,n,a,l,y,s,i,s, ,T,o,o,l,s,.,E,O, ,C,o,n,f,i,g,u,r,a,t,i,o,n,.,R,e,s,u,l,t,s, ,S,u,m,m,a,r,y,.,S,t,r,e,a,m,-,S,u,m,.,C,o,n,v,-,S,u,m, ,-, ,c,o,m,p, ,s,t,a,t,u,s, ,2,0,9,7,6,6,6
D,a,t,a,.,S,e,t,u,p,.,P,u,r,e, ,D,a,t,a,b,a,n,k,s,.,O,t,h,e,r, ,D,a,t,a,b,a,n,k,s,.,C,o,m,p,o,n,e,n,t,s,.,P,r,o,p,e,r,t,i,e,s,.,F,l,o,w,s,h,e,e,t,.,S,t,r,e,a,m,s,.,B,l,o,c,k,s,.,S,e,n,s,o,r,s,.,C,o,n,t,r,o,l,l,e,r,s,.,U,n,i,t, ,P,r,o,c,e,d,u,r,e,s,.,U,t,i,l,i,t,i,e,s,.,R,e,a,c,t,i,o,n,s,.,C,o,n,v,e,r,g,e,n,c,e,.,C,o,s,t,i,n,g,.,F,l,o,w,s,h,e,e,t,i,n,g, ,O,p,t,i,o,n,s,.,M,o,d,e,l, ,A,n,a,l,y,s,i,s, ,T,o,o,l,s,.,E,O, ,C,o,n,f,i,g,u,r,a,t,i,o,n,.,R,e,s,u,l,t,s, ,S,u,m,m,a,r,y,.,D,y,n,a,m,i,c, ,C,o,n,f,i,g,u,r,a,t,i,o,n, ,-, ,c,o,m,p, ,s,t,a,t,u,s, ,2,0,9,7,2,8,2
D,a,t,a,.,S,e,t,u,p,.,P,u,r,e, ,D,a,t,a,b,a,n,k,s,.,O,t,h,e,r, ,D,a,t,a,b,a,n,k,s,.,C,o,m,p,o,n,e,n,t,s,.,P,r,o,p,e,r,t,i,e,s,.,F,l,o,w,s,h,e,e,t,.,S,t,r,e,a,m,s,.,B,l,o,c,k,s,.,S,e,n,s,o,r,s,.,C,o,n,t,r,o,l,l,e,r,s,.,U,n,i,t, ,P,r,o,c,e,d,u,r,e,s,.,U,t,i,l,i,t,i,e,s,.,R,e,a,c,t,i,o,n,s,.,C,o,n,v,e,r,g,e,n,c,e,.,C,o,s,t,i,n,g,.,F,l,o,w,s,h,e,e,t,i,n,g, ,O,p,t,i,o,n,s,.,M,o,d,e,l, ,A,n,a,l,y,s,i,s, ,T,o,o,l,s,.,E,O, ,C,o,n,f,i,g,u,r,a,t,i,o,n,.,R,e,s,u,l,t,s, ,S,u,m,m,a,r,y,.,D,y,n,a,m,i,c, ,C,o,n,f,i,g,u,r,a,t,i,o,n,.,D,y,n,a,m,i,c, ,O,p,t,i,o,n,s, ,-, ,c,o,m,p, ,s,t,a,t,u,s, ,2,0,9,7,2,8,2
D,a,t,a,.,S,e,t,u,p,.,P,u,r,e, ,D,a,t,a,b,a,n,k,s,.,O,t,h,e,r, ,D,a,t,a,b,a,n,k,s,.,C,o,m,p,o,n,e,n,t,s,.,P,r,o,p,e,r,t,i,e,s,.,F,l,o,w,s,h,e,e,t,.,S,t,r,e,a,m,s,.,B,l,o,c,k,s,.,S,e,n,s,o,r,s,.,C,o,n,t,r,o,l,l,e,r,s,.,U,n,i,t, ,P,r,o,c,e,d,u,r,e,s,.,U,t,i,l,i,t,i,e,s,.,R,e,a,c,t,i,o,n,s,.,C,o,n,v,e,r,g,e,n,c,e,.,C,o,s,t,i,n,g,.,F,l,o,w,s,h,e,e,t,i,n,g, ,O,p,t,i,o,n,s,.,M,o,d,e,l, ,A,n,a,l,y,s,i,s, ,T,o,o,l,s,.,E,O, ,C,o,n,f,i,g,u,r,a,t,i,o,n,.,R,e,s,u,l,t,s, ,S,u,m,m,a,r,y,.,D,y,n,a,m,i,c, ,C,o,n,f,i,g,u,r,a,t,i,o,n,.,P,S,V,a,l,v,e, ,-, ,c,o,m,p, ,s,t,a,t,u,s, ,2,0,9,7,6,6,6
D,a,t,a,.,S,e,t,u,p,.,P,u,r,e, ,D,a,t,a,b,a,n,k,s,.,O,t,h,e,r, ,D,a,t,a,b,a,n,k,s,.,C,o,m,p,o,n,e,n,t,s,.,P,r,o,p,e,r,t,i,e,s,.,F,l,o,w,s,h,e,e,t,.,S,t,r,e,a,m,s,.,B,l,o,c,k,s,.,S,e,n,s,o,r,s,.,C,o,n,t,r,o,l,l,e,r,s,.,U,n,i,t, ,P,r,o,c,e,d,u,r,e,s,.,U,t,i,l,i,t,i,e,s,.,R,e,a,c,t,i,o,n,s,.,C,o,n,v,e,r,g,e,n,c,e,.,C,o,s,t,i,n,g,.,F,l,o,w,s,h,e,e,t,i,n,g, ,O,p,t,i,o,n,s,.,M,o,d,e,l, ,A,n,a,l,y,s,i,s, ,T,o,o,l,s,.,E,O, ,C,o,n,f,i,g,u,r,a,t,i,o,n,.,R,e,s,u,l,t,s, ,S,u,m,m,a,r,y,.,D,y,n,a,m,i,c, ,C,o,n,f,i,g,u,r,a,t,i,o,n,.,P,S,V,a,l,v,e,.,P,S,V,S,c,e,n,a,r,i,o, ,-, ,c,o,m,p, ,s,t,a,t,u,s, ,2,0,9,7,6,6,6
D,a,t,a,.,S,e,t,u,p,.,P,u,r,e, ,D,a,t,a,b,a,n,k,s,.,O,t,h,e,r, ,D,a,t,a,b,a,n,k,s,.,C,o,m,p,o,n,e,n,t,s,.,P,r,o,p,e,r,t,i,e,s,.,F,l,o,w,s,h,e,e,t,.,S,t,r,e,a,m,s,.,B,l,o,c,k,s,.,S,e,n,s,o,r,s,.,C,o,n,t,r,o,l,l,e,r,s,.,U,n,i,t, ,P,r,o,c,e,d,u,r,e,s,.,U,t,i,l,i,t,i,e,s,.,R,e,a,c,t,i,o,n,s,.,C,o,n,v,e,r,g,e,n,c,e,.,C,o,s,t,i,n,g,.,F,l,o,w,s,h,e,e,t,i,n,g, ,O,p,t,i,o,n,s,.,M,o,d,e,l, ,A,n,a,l,y,s,i,s, ,T,o,o,l,s,.,E,O, ,C,o,n,f,i,g,u,r,a,t,i,o,n,.,R,e,s,u,l,t,s, ,S,u,m,m,a,r,y,.,D,y,n,a,m,i,c, ,C,o,n,f,i,g,u,r,a,t,i,o,n,.,P,S,V,a,l,v,e,.,P,S,V,S,c,e,n,a,r,i,o,.,P,S,V,T,a,n,k, ,-, ,c,o,m,p, ,s,t,a,t,u,s, ,2,0,9,7,6,6,6
D,a,t,a,.,S,e,t,u,p,.,P,u,r,e, ,D,a,t,a,b,a,n,k,s,.,O,t,h,e,r, ,D,a,t,a,b,a,n,k,s,.,C,o,m,p,o,n,e,n,t,s,.,P,r,o,p,e,r,t,i,e,s,.,F,l,o,w,s,h,e,e,t,.,S,t,r,e,a,m,s,.,B,l,o,c,k,s,.,S,e,n,s,o,r,s,.,C,o,n,t,r,o,l,l,e,r,s,.,U,n,i,t, ,P,r,o,c,e,d,u,r,e,s,.,U,t,i,l,i,t,i,e,s,.,R,e,a,c,t,i,o,n,s,.,C,o,n,v,e,r,g,e,n,c,e,.,C,o,s,t,i,n,g,.,F,l,o,w,s,h,e,e,t,i,n,g, ,O,p,t,i,o,n,s,.,M,o,d,e,l, ,A,n,a,l,y,s,i,s, ,T,o,o,l,s,.,E,O, ,C,o,n,f,i,g,u,r,a,t,i,o,n,.,R,e,s,u,l,t,s, ,S,u,m,m,a,r,y,.,D,y,n,a,m,i,c, ,C,o,n,f,i,g,u,r,a,t,i,o,n,.,P,S,V,a,l,v,e,.,P,S,V,S,c,e,n,a,r,i,o,.,P,S,V,T,a,n,k,.,D,a,t,a,-,S,e,r,v,i,c,e, ,-, ,c,o,m,p, ,s,t,a,t,u,s, ,2,0,9,7,2,8,2
D,a,t,a,.,S,e,t,u,p,.,P,u,r,e, ,D,a,t,a,b,a,n,k,s,.,O,t,h,e,r, ,D,a,t,a,b,a,n,k,s,.,C,o,m,p,o,n,e,n,t,s,.,P,r,o,p,e,r,t,i,e,s,.,F,l,o,w,s,h,e,e,t,.,S,t,r,e,a,m,s,.,B,l,o,c,k,s,.,S,e,n,s,o,r,s,.,C,o,n,t,r,o,l,l,e,r,s,.,U,n,i,t, ,P,r,o,c,e,d,u,r,e,s,.,U,t,i,l,i,t,i,e,s,.,R,e,a,c,t,i,o,n,s,.,C,o,n,v,e,r,g,e,n,c,e,.,C,o,s,t,i,n,g,.,F,l,o,w,s,h,e,e,t,i,n,g, ,O,p,t,i,o,n,s,.,M,o,d,e,l, ,A,n,a,l,y,s,i,s, ,T,o,o,l,s,.,E,O, ,C,o,n,f,i,g,u,r,a,t,i,o,n,.,R,e,s,u,l,t,s, ,S,u,m,m,a,r,y,.,D,y,n,a,m,i,c, ,C,o,n,f,i,g,u,r,a,t,i,o,n,.,P,S,V,a,l,v,e,.,P,S,V,S,c,e,n,a,r,i,o,.,P,S,V,T,a,n,k,.,D,a,t,a,-,S,e,r,v,i,c,e,.,T,r,a,i,n,-,S,e,t, ,-, ,c,o,m,p, ,s,t,a,t,u,s, ,2,0,9,7,6,6,6
